State,District,Latitude,Longitude,District code,State name,Population,Male,Female,Literate,Male_Literate,Female_Literate,Agricultural_Workers,Hindus,Muslims,Christians,Sikhs,Buddhists,Jains,Others_Religions,Housholds_with_Electric_Lighting,Households_with_Internet
Jammu and Kashmir,Kargil,33.56599489,76.63675315,4,JAMMU AND KASHMIR,140802,77785,63017,86236,56301,29935,3763,10341,108239,604,1171,20126,28,4,15824,235
Jammu and Kashmir,Punch,33.79124129,74.29593161,5,JAMMU AND KASHMIR,476835,251899,224936,261724,163333,98391,31583,32604,431279,958,11188,83,10,2,62900,346
Jammu and Kashmir,Kathua,32.51781678,75.58901399,7,JAMMU AND KASHMIR,616435,326109,290326,389204,228499,160705,21566,540063,64234,1828,9551,24,16,2,109422,1443
Jammu and Kashmir,Srinagar,34.27312899,75.11021159,10,JAMMU AND KASHMIR,1236829,651124,585705,748584,431746,316838,10408,42540,1177342,2746,12187,285,74,2,165403,16413
Jammu and Kashmir,Pulwama,33.88414419,75.0092186,12,JAMMU AND KASHMIR,560440,293064,267376,293958,178326,115632,34080,13840,535159,1109,9440,35,6,18,73629,1537
Jammu and Kashmir,Doda,33.35961468,76.0716372,16,JAMMU AND KASHMIR,409936,213641,196295,219083,138620,80463,12199,187621,220614,472,422,21,22,42,61831,596
Jammu and Kashmir,Udhampur,33.04770671,75.15286951,19,JAMMU AND KASHMIR,554985,296784,258201,322354,197543,124811,11396,489044,59771,1962,3418,106,57,235,73999,1214
Jammu and Kashmir,Jammu,32.7131991,74.84775204,21,JAMMU AND KASHMIR,1529958,813821,716137,1137135,641916,495219,36873,1289240,107489,12104,114272,470,1987,321,294739,19905
Himachal Pradesh,Chamba,32.66741815,76.39354063,23,HIMACHAL PRADESH,519080,261320,257760,323842,186064,137778,9193,479782,32455,1559,2745,1740,57,14,96082,1615
Himachal Pradesh,Kangra,32.14093603,76.41205911,24,HIMACHAL PRADESH,1510075,750591,759484,1152640,606443,546197,54849,1461140,19797,3023,8929,14511,194,208,330081,8053
Himachal Pradesh,Kullu,31.90911922,77.40922649,26,HIMACHAL PRADESH,437903,225452,212451,307672,174550,133122,12372,415669,2974,1568,1396,15377,94,83,91322,2623
Himachal Pradesh,Mandi,31.63580594,76.96556931,27,HIMACHAL PRADESH,999777,498065,501712,723747,393669,330078,15822,981412,9460,876,4081,2628,43,86,214491,5333
Himachal Pradesh,Hamirpur,31.67668481,76.49767089,28,HIMACHAL PRADESH,454768,217070,237698,358091,180555,177536,8824,449412,3711,243,591,95,293,9,104120,2521
Uttar Pradesh,Hamirpur,25.73815838,79.8261948,28,HIMACHAL PRADESH,454768,217070,237698,358091,180555,177536,8824,449412,3711,243,591,95,293,9,104120,2521
Himachal Pradesh,Una,31.58330388,76.18353932,29,HIMACHAL PRADESH,521173,263692,257481,399715,213281,186434,19604,480138,14275,390,26009,56,70,10,105929,2412
Chhattisgarh,Bilaspur,22.35694298,81.99770351,30,HIMACHAL PRADESH,381956,192764,189192,287620,155599,132021,4138,371973,6984,236,2387,113,10,7,79146,1574
Himachal Pradesh,Bilaspur,31.37804229,76.65316079,30,HIMACHAL PRADESH,381956,192764,189192,287620,155599,132021,4138,371973,6984,236,2387,113,10,7,79146,1574
Himachal Pradesh,Solan,31.03864312,76.94442141,31,HIMACHAL PRADESH,580320,308754,271566,428578,244372,184206,10283,548579,14678,1452,13926,574,591,110,119866,5250
Himachal Pradesh,Sirmaur,30.68276445,77.4318469,32,HIMACHAL PRADESH,529855,276289,253566,362645,205617,157028,10730,476830,33215,577,15501,2645,236,86,91509,2220
Himachal Pradesh,Shimla,31.15572545,77.62573042,33,HIMACHAL PRADESH,814010,425039,388971,612642,342846,269796,26114,791449,11810,2025,4047,3262,185,197,172754,9177
Himachal Pradesh,Kinnaur,31.60667184,78.51613736,34,HIMACHAL PRADESH,84121,46249,37872,60699,36697,24002,2537,64732,448,485,249,18086,29,45,17865,354
Punjab,Gurdaspur,32.04283371,75.32040644,35,PUNJAB,2298323,1212617,1085706,1634719,907660,727059,100684,1074332,27667,176587,1002874,405,580,812,411216,14428
Punjab,Kapurthala,31.33659264,75.47641166,36,PUNJAB,815168,426311,388857,576567,316254,260313,42387,336124,10190,5445,453692,6662,553,334,161206,9732
Punjab,Jalandhar,31.25033691,75.54400351,37,PUNJAB,2193590,1145211,1048379,1622537,882581,739956,66664,1394329,30233,26016,718363,11385,4011,805,446200,39082
Punjab,Hoshiarpur,31.5515717,75.84698574,38,PUNJAB,1586625,809057,777568,1199699,637927,561772,74362,1000743,23089,14968,538208,3476,2034,531,319930,13747
Punjab,Fatehgarh Sahib,30.64290947,76.36208395,40,PUNJAB,600163,320795,279368,426033,238696,187337,21389,152851,16808,1698,427521,48,178,251,113683,5138
Punjab,Ludhiana,30.76596397,75.83110852,41,PUNJAB,3498739,1867816,1630923,2560225,1428348,1131877,98646,1502403,77713,16517,1863408,2007,19620,1254,703624,58589
Punjab,Moga,30.75654007,75.16008451,42,PUNJAB,995746,525920,469826,627889,348549,279340,82397,158414,9388,3277,818921,178,436,365,183396,7897
Punjab,Firozpur,30.63407535,74.40245732,43,PUNJAB,2029074,1071637,957437,1227511,707070,520441,227971,906408,6844,19358,1090815,454,1143,278,349662,10042
Punjab,Muktsar,30.31243303,74.55187477,44,PUNJAB,901896,475622,426274,524848,300401,224447,111014,254920,4333,1681,638625,240,744,433,166585,4571
Punjab,Faridkot,30.59118725,74.79751554,45,PUNJAB,617508,326671,290837,381285,215767,165518,54058,141363,3125,1227,469789,155,1109,103,113549,4348
Punjab,Bathinda,30.19052461,75.05685898,46,PUNJAB,1388525,743197,645328,844868,488261,356607,128382,380569,16299,2474,984286,246,1266,559,255650,11284
Punjab,Mansa,29.91954771,75.43049229,47,PUNJAB,769751,408732,361019,423560,244037,179523,90367,156539,10375,917,598443,123,1577,493,140099,2673
Punjab,Patiala,30.21454038,76.27505894,48,PUNJAB,1895686,1002522,893164,1266791,711052,555739,89123,783306,40043,5683,1059944,245,1914,1410,352929,24274
Punjab,Amritsar,31.54867982,74.79883857,49,PUNJAB,2490656,1318408,1172248,1684770,932981,751789,121599,690939,12502,54344,1716935,876,3152,1044,461231,29961
Punjab,Rupnagar,30.91093733,76.53743501,51,PUNJAB,684627,357485,327142,502731,278534,224197,21520,304481,14492,2094,361045,118,653,143,129123,6600
Punjab,Sangrur,30.1850452,75.89437014,53,PUNJAB,1655169,878029,777140,1002077,570413,431664,91799,389410,179116,2406,1077438,268,3222,1038,305557,10736
Chandigarh,Chandigarh,30.7426,76.75872466,55,CHANDIGARH,1055450,580663,474787,805438,465346,340092,1687,852574,51447,8720,138329,1160,1960,246,231204,44283
Uttaranchal,Uttarkashi,30.96895855,78.56880615,56,UTTARAKHAND,330086,168597,161489,215126,128237,86889,4387,324859,3554,353,167,563,74,105,52621,602
Uttaranchal,Chamoli,30.58338611,79.56281096,57,UTTARAKHAND,391605,193991,197614,280556,155395,125161,3845,385818,4395,428,323,190,11,23,71524,899
Uttaranchal,Tehri Garhwal,30.46370092,78.48783793,59,UTTARAKHAND,618931,297986,320945,407994,227406,180588,8129,609835,7374,656,290,32,91,109,117239,1366
Uttaranchal,Pithoragarh,30.14720632,80.34229231,62,UTTARAKHAND,483439,239306,244133,345550,189623,155927,5432,475105,6015,1401,260,185,13,30,95421,1344
Uttaranchal,Bageshwar,29.98703393,79.83954354,63,UTTARAKHAND,259898,124326,135572,179483,97546,81937,8985,257509,1440,397,46,102,7,16,47083,435
Uttaranchal,Almora,29.68353213,79.50165064,64,UTTARAKHAND,622506,291081,331425,436497,231604,204893,10274,611250,7752,1895,256,201,31,6,109876,1830
Uttaranchal,Champawat,29.29142394,80.07720212,65,UTTARAKHAND,259648,131125,128523,177726,102015,75711,4032,249563,8693,870,336,24,28,6,37725,548
Uttaranchal,Udham Singh Nagar,29.02779578,79.45629005,67,UTTARAKHAND,1648902,858783,790119,1037839,598525,439314,165250,1104452,372267,6064,162768,505,738,159,254802,7883
Haryana,Panchkula,30.70089714,76.97173238,69,HARYANA,561293,299679,261614,405318,229862,175456,12827,490702,23451,2583,40951,1008,1626,90,103455,18615
Haryana,Ambala,30.35036723,76.94970311,70,HARYANA,1128350,598703,529647,818025,461288,356737,57293,955096,22143,3705,138202,381,4845,110,199681,12899
Haryana,Kurukshetra,30.0565266,76.7877468,72,HARYANA,964655,510976,453679,646893,370828,276065,85890,805175,15970,1943,140395,214,375,106,171908,7356
Haryana,Kaithal,29.96068539,76.3769893,73,HARYANA,1074304,571003,503301,646529,385782,260747,85651,974520,8232,1769,87558,265,351,70,187349,3724
Haryana,Karnal,29.70320065,76.87488026,74,HARYANA,1505324,797712,707612,978013,564516,413497,133723,1341002,31650,2049,126207,532,1516,49,267223,11163
Haryana,Panipat,29.34352134,76.92895915,75,HARYANA,1205437,646857,558580,786599,464136,322463,62358,1083936,86622,2261,25064,289,4647,99,209965,10024
Haryana,Jind,29.45149822,76.29598576,77,HARYANA,1334152,713006,621146,832758,502049,330709,102071,1276669,23016,889,29103,172,2594,56,222462,5263
Haryana,Fatehabad,29.57298319,75.54608717,78,HARYANA,942011,495360,446651,557578,327471,230107,97997,779243,8360,996,150969,171,1172,530,153301,3210
Haryana,Sirsa,29.63583446,74.9097048,79,HARYANA,1295189,682582,612607,782897,456968,325929,147042,940255,9524,2186,338962,370,2256,624,215527,6287
Haryana,Hisar,29.23628731,75.84324683,80,HARYANA,1743931,931562,812369,1114311,670200,444111,144213,1701061,21650,1945,12270,334,3620,33,285004,10132
Haryana,Bhiwani,28.72886806,76.02110226,81,HARYANA,1634445,866672,767773,1069871,643158,426713,103788,1611031,15515,873,2401,254,1016,26,266244,5292
Haryana,Rohtak,28.89251765,76.53123235,82,HARYANA,1061204,568479,492725,747582,436025,311557,36568,1043887,8185,732,3916,200,3491,24,193120,8482
Haryana,Jhajjar,28.59651868,76.61137143,83,HARYANA,958405,514667,443738,676091,399480,276611,44845,945693,8247,734,1042,105,645,22,168558,5034
Haryana,Mahendragarh,28.13521615,76.14018073,84,HARYANA,922088,486665,435423,630255,380440,249815,38320,913251,5660,301,1737,75,644,15,135455,2624
Haryana,Rewari,28.19164715,76.55956008,85,HARYANA,900332,474335,425997,636947,375453,261494,28215,889133,5713,701,1804,202,1525,12,152651,5121
Haryana,Gurgaon,28.04389479,77.0193513,86,HARYANA,1514432,816690,697742,1111116,638666,472450,27097,1408801,70842,9725,15097,944,7451,254,305751,67087
Haryana,Faridabad,28.1487311,77.32718537,88,HARYANA,1809733,966110,843623,1272739,734940,537799,29288,1588407,161680,9743,34572,640,4883,249,333171,43437
Sikkim,East,27.29600353,88.74908392,93,NCT OF DELHI,1709346,907500,801846,1352998,748382,604616,3094,1410852,178807,15792,53027,2643,46927,366,352758,80037
Rajasthan,Ganganagar,29.25678541,73.56192303,99,RAJASTHAN,1969168,1043340,925828,1193343,710908,482435,230438,1437144,50688,2077,474853,938,1988,164,283142,6295
Rajasthan,Hanumangarh,29.18133518,74.74632573,100,RAJASTHAN,1774692,931184,843508,1034136,624281,409855,166833,1433067,118673,1542,216997,241,1935,138,243163,3360
Rajasthan,Bikaner,28.12489068,73.26943323,101,RAJASTHAN,2363937,1240801,1123136,1278801,782399,496402,103833,2073356,235741,1901,20072,285,30850,79,220793,7607
Rajasthan,Churu,28.29330376,74.65846427,102,RAJASTHAN,2039547,1051446,988101,1149269,696729,452540,87983,1777879,249736,958,402,188,7104,127,231696,2577
Rajasthan,Jhunjhunun,28.13517401,75.52840894,103,RAJASTHAN,2137045,1095896,1041149,1370360,815834,554526,68878,1905682,228178,1004,275,56,548,85,297559,4828
Rajasthan,Alwar,27.55271738,76.65359631,104,RAJASTHAN,3674179,1939026,1735153,2182476,1359829,822647,216772,3039279,547335,2696,64532,4384,13221,348,485723,9750
Rajasthan,Bharatpur,27.32411858,77.21752077,105,RAJASTHAN,2548462,1355726,1192736,1480869,943910,536959,238894,2143046,371286,1576,23456,899,5758,18,288723,4179
Rajasthan,Dhaulpur,26.72397055,77.7447622,106,RAJASTHAN,1206516,653647,552869,683098,435721,247377,74342,1127520,72258,688,1356,92,2739,21,96086,1330
Rajasthan,Karauli,26.51901556,76.96081818,107,RAJASTHAN,1458248,783639,674609,805849,531904,273945,115367,1370977,81553,602,297,70,3424,413,132079,1059
Rajasthan,Sawai Madhopur,26.25108118,76.42192839,108,RAJASTHAN,1335551,704031,631520,741748,486184,255564,88804,1165505,155681,945,812,177,9991,42,140947,1887
Rajasthan,Dausa,26.91234818,76.57342097,109,RAJASTHAN,1634409,857787,776622,938051,596935,341116,76277,1582335,45488,439,296,94,3737,115,195277,1719
Rajasthan,Jaipur,27.03345929,75.77117286,110,RAJASTHAN,6626178,3468507,3157671,4300965,2554793,1746172,131523,5819980,687452,12708,18782,1020,81079,257,990085,76565
Rajasthan,Sikar,27.64644059,75.29317423,111,RAJASTHAN,2677333,1374990,1302343,1652117,995275,656842,87889,2342076,327583,1122,356,177,4050,15,339457,5647
Rajasthan,Nagaur,27.07862016,74.14215667,112,RAJASTHAN,3307743,1696325,1611418,1758624,1102750,655874,263401,2833443,454487,1912,366,163,12940,276,347344,4449
Rajasthan,Jodhpur,26.67846084,73.00450847,113,RAJASTHAN,3687165,1923928,1763237,2031532,1265753,765779,242017,3224399,411558,6035,4123,514,36697,80,408808,19335
Rajasthan,Jaisalmer,26.86900839,71.18371877,114,RAJASTHAN,669919,361708,308211,308653,210415,98238,43872,497045,168129,874,1723,98,1521,34,43141,754
Rajasthan,Barmer,25.77070908,71.50297126,115,RAJASTHAN,2603751,1369022,1234729,1188322,783461,404861,132696,2244882,321192,1157,450,157,34010,34,126494,2766
Rajasthan,Jalor,25.07578094,72.18647262,116,RAJASTHAN,1828730,936634,892096,829582,543923,285659,158013,1732852,78990,730,231,144,14640,82,161845,1585
Rajasthan,Sirohi,24.79769053,72.75309132,117,RAJASTHAN,1036346,534231,502115,476806,309900,166906,97823,996562,30479,1284,572,114,6829,56,134089,2146
Rajasthan,Pali,25.80490394,73.55285641,118,RAJASTHAN,2037573,1025422,1012151,1085693,667381,418312,237280,1870543,143476,1345,1540,141,18974,52,326793,4043
Rajasthan,Ajmer,26.19930038,74.69904192,119,RAJASTHAN,2583052,1324085,1258967,1526673,926268,600405,145523,2201663,314159,10605,6799,417,45614,184,393498,13499
Rajasthan,Tonk,26.15393507,75.79192216,120,RAJASTHAN,1421326,728136,693190,749659,478329,271330,113426,1243527,153146,754,378,122,22458,30,158264,1908
Rajasthan,Bundi,25.48580716,75.79984074,121,RAJASTHAN,1110906,577160,533746,585044,371705,213339,111388,1017688,66609,682,11059,144,13455,24,136969,1392
Rajasthan,Bhilwara,25.45119768,74.63947596,122,RAJASTHAN,2408523,1220736,1187787,1256126,777582,478544,163052,2224839,142427,1978,1468,183,35149,60,373644,6207
Rajasthan,Rajsamand,25.24894767,73.96570216,123,RAJASTHAN,1156597,581339,575258,619139,383334,235805,106587,1105676,33677,759,260,100,14966,68,193276,1989
Rajasthan,Dungarpur,23.75104808,73.84765641,124,RAJASTHAN,1388552,696532,692020,681591,415820,265771,184330,1340065,28662,830,240,226,16141,853,141275,1477
Rajasthan,Banswara,23.45364203,74.44246868,125,RAJASTHAN,1797485,907754,889731,829343,513854,315489,199370,1701234,48834,22250,427,138,22613,109,120603,2324
Rajasthan,Chittaurgarh,24.63162376,74.80010998,126,RAJASTHAN,1544338,783171,761167,821825,514851,306974,123469,1413163,97855,1274,1515,252,25843,136,268172,4941
Rajasthan,Kota,25.17571808,76.18618928,127,RAJASTHAN,1951014,1021161,929853,1298345,765396,532949,134992,1661307,243993,5665,11058,280,25742,286,339899,12843
Rajasthan,Baran,24.98023243,76.86210652,128,RAJASTHAN,1222755,633945,588810,693307,432607,260700,185037,1133349,79984,1432,3066,84,2795,48,161310,1363
Rajasthan,Jhalawar,24.24725541,76.11242892,129,RAJASTHAN,1411129,725143,685986,739792,466815,272977,209772,1299751,96164,842,819,46,12488,42,220428,1750
Rajasthan,Udaipur,24.44076752,73.8402984,130,RAJASTHAN,3068420,1566801,1501619,1582629,973444,609185,302968,2869976,104307,7406,4278,209,78647,373,357846,14211
Uttar Pradesh,Pratapgarh,25.86484273,81.93530049,131,RAJASTHAN,867848,437744,430104,401515,250122,151393,96815,827293,25597,358,72,32,14077,27,71612,716
Uttar Pradesh,Saharanpur,30.03381165,77.59905148,132,UTTAR PRADESH,3466382,1834106,1632276,2077108,1220114,856994,273050,1966892,1454052,6523,18627,1937,10208,135,404499,9699
Uttar Pradesh,Muzaffarnagar,29.47050798,77.64017848,133,UTTAR PRADESH,4143512,2193434,1950078,2417339,1448528,968811,323641,2382914,1711453,6495,18601,1516,16345,60,368153,10077
Uttar Pradesh,Bijnor,29.31397426,78.45098815,134,UTTAR PRADESH,3682713,1921215,1761498,2135393,1241471,893922,311489,2032081,1585210,6184,50624,1736,2134,41,268353,7303
Uttar Pradesh,Moradabad,28.85177041,78.73580193,135,UTTAR PRADESH,4772006,2503186,2268820,2263848,1357435,906413,338384,2488265,2248392,13157,7555,1260,2426,382,281758,11690
Uttar Pradesh,Rampur,28.83244727,79.10977333,136,UTTAR PRADESH,2335819,1223889,1111930,1043666,630408,413258,230238,1073890,1181337,9201,65316,384,1307,63,131112,3847
Uttar Pradesh,Jyotiba Phule Nagar,28.87049898,78.39009365,137,UTTAR PRADESH,1840221,963449,876772,983110,600541,382569,131877,1075440,750368,5952,5295,189,517,21,89329,2825
Uttar Pradesh,Meerut,29.02957626,77.80611006,138,UTTAR PRADESH,3443689,1825743,1617946,2141488,1254520,886968,153995,2183255,1185643,10582,24912,1855,18544,236,425624,23717
Uttar Pradesh,Baghpat,29.0457935,77.302663,139,UTTAR PRADESH,1303048,700070,602978,797970,489858,308112,74500,917474,364583,1840,483,161,16139,25,119121,2989
Uttar Pradesh,Ghaziabad,28.74997309,77.67441879,140,UTTAR PRADESH,4681645,2488834,2192811,3123264,1811397,1311867,123680,3414427,1186776,19026,23001,3487,16412,265,695130,78116
Uttar Pradesh,Gautam Buddha Nagar,28.39331104,77.52462468,141,UTTAR PRADESH,1648115,890214,757901,1122947,666065,456882,48845,1394025,215500,7366,9261,895,4518,91,257586,53181
Uttar Pradesh,Bulandshahr,28.34875862,78.01082759,142,UTTAR PRADESH,3499171,1845260,1653911,2031656,1253314,778342,241137,2707195,777407,4088,2765,669,1572,86,223922,7865
Uttar Pradesh,Aligarh,27.93748577,78.00146831,143,UTTAR PRADESH,3673889,1951996,1721893,2092567,1283380,809187,267197,2904140,729283,7635,5875,2582,2805,91,268120,13634
Uttar Pradesh,Mathura,27.59390433,77.62153417,145,UTTAR PRADESH,2547184,1367125,1180059,1507746,943346,564400,179248,2310776,216933,3179,2872,883,2056,126,281239,8726
Uttar Pradesh,Agra,26.99512975,78.05278292,146,UTTAR PRADESH,4418797,2364953,2053844,2680510,1614594,1065916,234455,3922718,411313,10076,12057,4049,21508,384,536402,27183
Uttar Pradesh,Firozabad,27.20963993,78.42660625,147,UTTAR PRADESH,2498156,1332046,1166110,1521806,912314,609492,150221,2140745,314812,3370,1804,3395,19077,61,196080,5834
Uttar Pradesh,Mainpuri,27.17386862,79.03501851,148,UTTAR PRADESH,1868529,993377,875152,1203885,712110,491775,137174,1746649,100723,1729,475,8814,4161,38,79022,2642
Uttar Pradesh,Bareilly,28.51101941,79.43187072,150,UTTAR PRADESH,4448359,2357665,2090694,2191759,1342697,849062,326376,2830768,1536534,14822,28187,4371,931,339,272830,15164
Uttar Pradesh,Pilibhit,28.52024175,79.90103974,151,UTTAR PRADESH,2031007,1072002,959005,1061095,654290,406805,224192,1449007,489686,3510,84787,360,138,45,83006,2870
Uttar Pradesh,Shahjahanpur,27.99138935,79.83022753,152,UTTAR PRADESH,3006538,1606403,1400135,1490930,915142,575788,275192,2412595,527581,4630,51090,2312,301,84,115163,3889
Uttar Pradesh,Sitapur,27.50199596,80.85288881,154,UTTAR PRADESH,4483992,2375264,2108728,2283733,1397702,886031,473554,3555450,893725,6579,11611,2663,1410,79,102040,3874
Uttar Pradesh,Hardoi,27.33740909,80.26411768,155,UTTAR PRADESH,4092845,2191442,1901403,2221601,1374587,847014,406830,3508131,556219,5822,5688,6671,446,98,95508,3845
Uttar Pradesh,Unnao,26.63163991,80.63677329,156,UTTAR PRADESH,3108367,1630087,1478280,1773584,1053063,720521,332663,2732016,363453,3574,1204,920,240,31,99466,3476
Uttar Pradesh,Lucknow,26.83823359,80.89706027,157,UTTAR PRADESH,4589838,2394476,2195362,3127260,1742440,1384820,203029,3537787,985070,20493,23883,3877,4975,504,582769,68506
Uttar Pradesh,Rae Bareli,26.25390284,81.22260463,158,UTTAR PRADESH,3405559,1752542,1653017,1965843,1165965,799878,507882,2975998,413243,3634,2424,722,397,602,247856,5184
Uttar Pradesh,Farrukhabad,27.45063298,79.44062846,159,UTTAR PRADESH,1885204,1006240,878964,1092677,654827,437850,135679,1596278,276846,3137,3160,3161,487,100,88081,2624
Uttar Pradesh,Kannauj,26.99398862,79.6443794,160,UTTAR PRADESH,1656616,881776,774840,1017087,603596,413491,129517,1375788,273967,1263,504,2033,606,65,61491,2488
Uttar Pradesh,Etawah,26.7881767,79.07621806,161,UTTAR PRADESH,1581810,845856,735954,1062003,623583,438420,158026,1457892,113961,1362,1045,1733,3917,94,113098,2964
Uttar Pradesh,Auraiya,26.66892394,79.42637057,162,UTTAR PRADESH,1379545,740040,639505,930836,546198,384638,151727,1273546,101963,1004,371,332,228,444,65479,2404
Uttar Pradesh,Kanpur Dehat,26.43047641,79.98710083,163,UTTAR PRADESH,1796184,963255,832929,1170243,692964,477279,234069,1612968,176327,1300,478,819,155,103,49753,2682
Uttar Pradesh,Jalaun,26.06795459,79.36686911,165,UTTAR PRADESH,1689974,906092,783882,1075196,653430,421766,243035,1509708,171581,1148,463,2875,256,145,104176,2217
Uttar Pradesh,Jhansi,25.45581535,78.89954581,166,UTTAR PRADESH,1998603,1057436,941167,1304513,783705,520808,248072,1823930,147842,7050,4951,1203,7328,311,183340,8517
Uttar Pradesh,Lalitpur,24.58877161,78.60082331,167,UTTAR PRADESH,1221592,641011,580581,641191,397586,243605,131354,1163804,33724,1351,1034,69,20390,41,77082,1079
Himachal Pradesh,Hamirpur,31.67668481,76.49767089,168,UTTAR PRADESH,1104285,593537,510748,653299,408125,245174,181449,1010014,91269,814,196,74,41,273,55929,1196
Uttar Pradesh,Hamirpur,25.73815838,79.8261948,168,UTTAR PRADESH,1104285,593537,510748,653299,408125,245174,181449,1010014,91269,814,196,74,41,273,55929,1196
Uttar Pradesh,Mahoba,25.3452967,79.67863003,169,UTTAR PRADESH,875958,466358,409600,488106,302283,185823,130422,815142,57454,965,389,94,234,157,42936,1316
Uttar Pradesh,Banda,25.3518859,80.52487391,170,UTTAR PRADESH,1799410,965876,833534,1002937,630626,372311,273458,1637549,157612,1367,231,168,916,50,73522,1655
Uttar Pradesh,Chitrakoot,25.15992462,81.07666088,171,UTTAR PRADESH,991730,527721,464009,531072,330339,200733,150695,955372,34559,693,63,101,285,27,41046,827
Uttar Pradesh,Fatehpur,25.8374362,80.85416203,172,UTTAR PRADESH,2632733,1384722,1248011,1512166,911003,601163,425366,2274674,350700,2201,402,172,199,47,75263,3385
Uttar Pradesh,Pratapgarh,25.86484273,81.93530049,173,UTTAR PRADESH,3209141,1606085,1603056,1931559,1121381,810178,386563,2731351,452394,3920,1451,7795,746,43,140538,5149
Uttar Pradesh,Kaushambi,25.53587532,81.41811282,174,UTTAR PRADESH,1599596,838485,761111,813424,507279,306145,321410,1372381,220423,2225,522,687,545,3,43753,1503
Uttar Pradesh,Allahabad,25.39203866,82.05172447,175,UTTAR PRADESH,5954391,3131807,2822584,3665727,2199340,1466387,541146,5102041,796756,13782,4377,4391,2247,305,391542,24122
Uttar Pradesh,Bara Banki,26.92277703,81.35762351,176,UTTAR PRADESH,3260699,1707073,1553626,1692458,1010518,681940,421973,2505444,737106,4857,2090,1553,3016,211,108116,3159
Uttar Pradesh,Faizabad,26.60589185,82.00783531,177,UTTAR PRADESH,2470996,1259628,1211368,1450901,838339,612562,272734,2094271,365806,3225,1912,737,358,185,127754,4746
Uttar Pradesh,Ambedkar Nagar,26.39119026,82.68282143,178,UTTAR PRADESH,2397888,1212410,1185478,1486939,846676,640263,301120,1985654,401678,2536,869,1817,235,33,99581,2509
Uttar Pradesh,Sultanpur,26.28463864,82.05710457,179,UTTAR PRADESH,3797117,1914586,1882531,2239902,1300248,939654,501634,3119590,650261,4453,1629,9989,426,336,233701,5956
Uttar Pradesh,Bahraich,27.6917763,81.46779783,180,UTTAR PRADESH,3487731,1843884,1643847,1398368,878285,520083,482897,2291892,1169330,6400,8212,2793,1177,38,85814,2681
Uttar Pradesh,Balrampur,27.44907654,82.47158326,182,UTTAR PRADESH,2148665,1114721,1033944,868357,544943,323414,328768,1333242,805975,3228,900,1866,198,87,57400,1551
Uttar Pradesh,Gonda,27.15721555,82.0226888,183,UTTAR PRADESH,3433919,1787146,1646773,1679994,1034181,645813,431532,2739076,678615,4735,1893,649,338,57,104084,4313
Uttar Pradesh,Basti,26.83388045,82.69790591,185,UTTAR PRADESH,2464464,1255272,1209192,1393783,819719,574064,282260,2082976,364510,3493,900,9753,107,99,108101,3423
Uttar Pradesh,Sant Kabir Nagar,26.79159652,83.03877643,186,UTTAR PRADESH,1715183,869656,845527,954949,567098,387851,241825,1300586,404410,1766,447,4393,95,35,79525,2031
Uttar Pradesh,Gorakhpur,26.63315887,83.35495604,188,UTTAR PRADESH,4440895,2277777,2163118,2700328,1593890,1106438,454931,4009037,403847,9662,2123,2848,460,207,296619,14597
Uttar Pradesh,Kushinagar,26.89253068,83.92261542,189,UTTAR PRADESH,3564544,1818055,1746489,1954820,1183722,771098,528388,2928462,620244,5006,767,4619,383,133,127331,3486
Uttar Pradesh,Deoria,26.42218857,83.82440707,190,UTTAR PRADESH,3100946,1537436,1563510,1875239,1079288,795951,291016,2730957,358539,3626,818,1182,209,146,150001,4469
Uttar Pradesh,Azamgarh,26.00829095,83.01220251,191,UTTAR PRADESH,4613913,2285004,2328909,2771917,1559414,1212503,452055,3878626,718692,3810,719,5652,183,226,183381,6652
Uttar Pradesh,Mau,26.01082204,83.50582654,192,UTTAR PRADESH,2205968,1114709,1091259,1363044,773082,589962,212343,1769937,428555,2109,340,564,155,129,149908,2656
Uttar Pradesh,Ballia,25.86075638,84.03651979,193,UTTAR PRADESH,3239774,1672902,1566872,1963590,1160960,802630,384432,3004240,213440,4463,892,1595,233,64,119972,4672
Uttar Pradesh,Jaunpur,25.70141281,82.54315352,194,UTTAR PRADESH,4494204,2220465,2273739,2731677,1565394,1166283,436792,3981502,483750,4947,1286,7898,349,114,181467,8002
Uttar Pradesh,Ghazipur,25.62472478,83.53608546,195,UTTAR PRADESH,3620268,1855075,1765193,2197549,1293553,903996,435934,3233790,368153,4181,810,3145,213,184,105767,5309
Uttar Pradesh,Chandauli,25.11808596,83.25307063,196,UTTAR PRADESH,1952756,1017905,934851,1174606,699454,475152,248674,1727869,215081,2153,1389,340,100,1175,99602,3492
Uttar Pradesh,Varanasi,25.36057089,82.82529667,197,UTTAR PRADESH,3676841,1921857,1754984,2403903,1389116,1014787,182146,3107681,546987,7696,3309,1146,1898,298,336056,19214
Uttar Pradesh,Mirzapur,25.10207959,82.60126629,199,UTTAR PRADESH,2496970,1312302,1184668,1428683,865837,562846,334372,2292534,195765,2373,1133,341,701,27,145997,4447
Uttar Pradesh,Sonbhadra,24.46693269,83.06816325,200,UTTAR PRADESH,1862559,971344,891215,985708,601988,383720,371261,1738769,103567,3963,1649,1747,487,1907,95582,5149
Uttar Pradesh,Etah,27.59115531,78.70021858,201,UTTAR PRADESH,1774480,947339,827141,1055202,647042,408160,131779,1611126,146346,2464,708,2887,5671,18,69591,2635
Bihar,Pashchim Champaran,27.16064352,84.30265912,203,BIHAR,3935042,2061110,1873932,1759481,1091226,668255,998833,3047427,865090,8469,926,1337,296,1895,57546,3495
Bihar,Purba Champaran,26.68129337,85.00382156,204,BIHAR,5099371,2681209,2418162,2276957,1407603,869354,1057417,4086453,990349,4865,668,878,464,104,74979,7719
Bihar,Sheohar,26.45838075,85.29539412,205,BIHAR,656246,346673,309573,283698,171645,112053,136334,552492,99342,522,216,73,52,44,10004,478
Bihar,Sitamarhi,26.5657007,85.61172491,206,BIHAR,3423574,1803252,1620322,1436794,885188,551606,635907,2672311,740101,2897,261,253,188,20,66263,3460
Bihar,Madhubani,26.41380538,86.1632836,207,BIHAR,4487379,2329313,2158066,2155338,1340085,815253,940642,3652168,818912,3262,564,328,442,169,113281,5319
Bihar,Supaul,26.28157894,86.78496465,208,BIHAR,2229076,1155283,1073793,1033283,647672,385611,554271,1809936,409251,3758,271,136,546,42,51028,1845
Bihar,Araria,26.21152812,87.30766555,209,BIHAR,2811569,1463333,1348236,1195768,727643,468125,691947,1593525,1207442,4116,371,187,1910,63,43290,2561
Bihar,Kishanganj,26.32433676,87.95045007,210,BIHAR,1690400,866970,823430,745056,439921,305135,321867,531236,1149095,5783,398,183,1476,28,58718,1093
Bihar,Purnia,25.81714802,87.40447607,211,BIHAR,3264619,1699370,1565249,1332326,805261,527065,745015,1989420,1255641,7989,614,353,1450,650,86058,4170
Bihar,Katihar,25.56565356,87.70466084,212,BIHAR,3071029,1600430,1470599,1280190,762256,517934,672291,1684589,1365645,8659,2754,212,507,2141,60900,2941
Bihar,Madhepura,25.77341929,86.8978444,213,BIHAR,2001762,1047559,954203,834577,517666,316911,484062,1753829,241760,1342,170,60,133,81,23236,1397
Bihar,Saharsa,25.8212707,86.5467082,214,BIHAR,1900661,997174,903487,804996,506374,298622,356833,1629254,266620,1292,197,60,109,8,41342,1668
Bihar,Darbhanga,26.14618772,85.97387352,215,BIHAR,3937385,2059949,1877436,1816634,1125566,691068,642115,3042729,881476,3534,832,245,236,101,127442,6280
Bihar,Muzaffarpur,26.18664417,85.32745092,216,BIHAR,4801062,2527497,2273565,2509232,1487117,1022115,769001,4032773,745546,5149,933,288,382,98,180651,10290
Bihar,Gopalganj,26.44874364,84.34636127,217,BIHAR,2562012,1267666,1294346,1382998,793905,589093,338666,2119262,436057,2463,271,167,133,28,69375,3707
Bihar,Siwan,26.1736372,84.33766553,218,BIHAR,3330464,1675090,1655374,1930175,1115906,814269,376344,2712635,608282,2618,369,407,359,86,52935,3834
Bihar,Saran,25.89656078,84.82266287,219,BIHAR,3951862,2022821,1929041,2157454,1285767,871687,493461,3534772,406449,2330,371,229,322,107,94787,4509
Bihar,Vaishali,25.81347032,85.39247597,220,BIHAR,3495021,1844535,1650486,1926740,1152576,774164,502637,3152346,333980,2203,707,362,246,71,70001,4810
Bihar,Samastipur,25.79320556,85.94833323,221,BIHAR,4261566,2230003,2031563,2142880,1293575,849305,721629,3800598,452370,2126,554,292,231,112,88021,5379
Bihar,Begusarai,25.54302613,86.12560144,222,BIHAR,2970541,1567660,1402881,1548673,918507,630166,430870,2554330,407348,2209,402,229,276,57,120373,4644
Bihar,Khagaria,25.53558891,86.56593256,223,BIHAR,1666886,883786,783100,768028,461153,306875,325731,1486989,175588,1253,143,79,86,115,40641,1580
Bihar,Bhagalpur,25.27719289,87.04213814,224,BIHAR,3037766,1615663,1422103,1573066,937669,635397,475228,2487866,537098,3556,415,180,1050,32,174534,6764
Bihar,Banka,24.83235564,86.86649163,225,BIHAR,2034763,1067140,967623,965321,590961,374360,462614,1772655,250925,6138,139,113,94,1035,62359,1704
Bihar,Munger,25.19853796,86.54173673,226,BIHAR,1367765,729041,638724,801817,473741,328076,196449,1252319,110416,1815,338,95,145,61,90461,2653
Bihar,Lakhisarai,25.18344932,86.12825701,227,BIHAR,1000912,526345,474567,507270,305182,202088,159970,956396,40886,487,140,52,78,52,44491,1186
Bihar,Sheikhpura,25.12472437,85.77839391,228,BIHAR,636342,329743,306599,328676,196431,132245,109696,596102,37653,313,75,41,43,31,20065,631
Bihar,Nalanda,25.22934551,85.48053114,229,BIHAR,2877653,1497060,1380593,1519933,919558,600375,534021,2669775,198033,1978,393,414,561,64,101378,4156
Bihar,Patna,25.40297115,85.31984336,230,BIHAR,5838465,3078512,2759953,3459679,2028047,1431632,658203,5356075,439952,12551,4803,1062,2151,203,546859,40692
Bihar,Bhojpur,25.50666439,84.49407803,231,BIHAR,2728407,1430380,1298027,1599151,973486,625665,364875,2518216,197819,2165,544,647,1472,48,62153,3661
Bihar,Buxar,25.48593019,84.08808082,232,BIHAR,1706352,887977,818375,989807,593544,396263,251790,1591454,105423,2125,248,5090,97,57,46760,1784
Bihar,Rohtas,24.99170461,83.93507627,234,BIHAR,2959918,1543546,1416372,1799832,1061783,738049,405544,2645415,300487,2889,2569,1584,252,537,114893,4594
Bihar,Aurangabad,24.77429187,84.45986024,235,BIHAR,2540073,1318684,1221389,1466002,868733,597269,426096,2291133,237353,2218,295,334,775,19,44456,2362
Maharashtra,Aurangabad,20.09792288,75.32072197,235,BIHAR,2540073,1318684,1221389,1466002,868733,597269,426096,2291133,237353,2218,295,334,775,19,44456,2362
Bihar,Gaya,24.72665415,84.94291218,236,BIHAR,4391418,2266566,2124852,2297613,1368803,928810,783505,3876395,488121,3943,913,870,1723,108,112617,6856
Bihar,Nawada,24.82570884,85.61594569,237,BIHAR,2219146,1144668,1074478,1091012,659474,431538,397505,1964620,244394,1299,250,176,279,80,31162,1841
Bihar,Jamui,24.7841838,86.26316298,238,BIHAR,1760405,916064,844341,858588,534385,324203,331466,1525746,217621,8443,162,159,87,3438,32633,1839
Bihar,Jehanabad,25.15567905,84.92081245,239,BIHAR,1125313,585582,539731,618881,374412,244469,179519,1045117,75742,691,148,248,60,58,27641,1106
Arunachal Pradesh,Tawang,27.68068396,91.82504245,245,ARUNACHAL PRADESH,49977,29151,20826,26073,17720,8353,1581,11842,787,776,1164,34920,72,349,8635,96
Arunachal Pradesh,West Kameng,27.46486582,92.6501575,246,ARUNACHAL PRADESH,83947,46155,37792,48492,29566,18926,1705,31265,1970,8466,328,36087,71,5556,14188,202
Arunachal Pradesh,East Kameng,27.37119406,93.04741486,247,ARUNACHAL PRADESH,78690,38775,39915,38449,21599,16850,1063,12333,652,37136,36,452,23,27868,5318,57
Arunachal Pradesh,Papum Pare,27.27352972,93.54468184,248,ARUNACHAL PRADESH,176573,89182,87391,121048,65794,55254,1859,57027,6148,84397,310,4768,139,22586,30539,2477
Arunachal Pradesh,Upper Subansiri,28.27719657,93.89914356,249,ARUNACHAL PRADESH,83448,41758,41690,45278,24807,20471,1846,13474,521,8779,28,297,11,59449,5373,139
Arunachal Pradesh,West Siang,28.10629692,94.53510344,250,ARUNACHAL PRADESH,112274,58168,54106,64746,36777,27969,1384,15881,2218,29969,577,3311,49,60005,14204,303
Arunachal Pradesh,East Siang,28.15382353,95.06499226,251,ARUNACHAL PRADESH,99214,50116,49098,62576,34210,28366,3565,27854,2289,18254,69,776,30,49393,14231,450
Arunachal Pradesh,Upper Siang,28.83092449,95.00155765,252,ARUNACHAL PRADESH,35320,18699,16621,18195,10723,7472,804,5261,411,5643,27,2577,7,20967,6198,97
Arunachal Pradesh,Changlang,27.36048479,96.37552645,253,ARUNACHAL PRADESH,148226,76948,71278,73174,44027,29147,4208,47683,2134,35969,94,50381,95,11738,14593,170
Arunachal Pradesh,Tirap,26.9440623,95.41470328,254,ARUNACHAL PRADESH,111975,57604,54371,47974,29313,18661,1811,20682,1103,83361,61,778,43,5325,16026,98
Arunachal Pradesh,Lower Subansiri,27.70849297,93.96226108,255,ARUNACHAL PRADESH,83030,41843,41187,54057,29470,24587,1968,9551,1482,34402,27,193,13,37085,12493,381
Arunachal Pradesh,Kurung Kumey,28.04853352,93.24531994,256,ARUNACHAL PRADESH,92076,45318,46758,36606,20258,16348,2947,4859,471,51189,43,121,81,34158,3911,95
Arunachal Pradesh,Lower Dibang Valley,28.3265173,95.76567336,258,ARUNACHAL PRADESH,54080,28053,26027,31849,18087,13762,3354,28915,2247,9213,33,2932,19,10393,5932,207
Arunachal Pradesh,Lohit,27.94678527,96.59670771,259,ARUNACHAL PRADESH,145726,76221,69505,83062,48380,34682,7789,99020,3846,10684,210,24452,104,7277,17157,312
Nagaland,Mon,26.69207374,95.03072989,261,NAGALAND,250260,131753,118507,119626,67432,52194,10836,8102,3444,236494,84,1256,314,1,14398,178
Nagaland,Mokokchung,26.47891176,94.52242601,262,NAGALAND,194622,101092,93530,159494,83479,76015,9166,9840,2057,181847,78,442,66,6,40154,537
Nagaland,Zunheboto,26.02817821,94.50026667,263,NAGALAND,140757,71217,69540,102881,53504,49377,11955,2580,772,136995,39,286,6,2,28846,261
Nagaland,Wokha,26.20261155,94.19908152,264,NAGALAND,166343,84505,81838,128208,67385,60823,6438,5605,2043,158236,34,318,8,20,25268,198
Nagaland,Dimapur,25.81417681,93.75074058,265,NAGALAND,378811,197394,181417,278037,150142,127895,8990,108900,31212,234239,566,1270,2148,157,71413,3303
Nagaland,Phek,25.63272987,94.56814564,266,NAGALAND,163418,83743,79675,105893,57926,47967,3159,3563,950,158224,31,350,17,198,36182,170
Nagaland,Tuensang,26.21104453,94.85809881,267,NAGALAND,196596,101933,94663,117511,63653,53858,3913,2979,1052,191864,27,572,5,1,24998,155
Nagaland,Kohima,25.60311429,93.78600658,270,NAGALAND,267988,138966,129022,197489,107038,90451,2198,25496,4384,234955,998,1519,80,335,50724,1928
Manipur,Senapati,25.08465586,94.03366234,272,MANIPUR,479148,247323,231825,264477,148012,116465,30369,43833,1649,426819,140,2409,53,1243,22798,256
Manipur,Tamenglong,24.98312942,93.4945074,273,MANIPUR,140651,72371,68280,85006,47403,37603,1924,2995,589,134760,59,425,57,1144,11541,125
Manipur,Churachandpur,24.30309719,93.38671506,274,MANIPUR,274143,138820,135323,195935,104013,91922,8282,12034,2886,254979,152,495,87,2333,29894,837
Manipur,Bishnupur,24.50712112,93.8246236,275,MANIPUR,237399,118782,118617,156333,87313,69020,15109,175102,18691,4264,56,76,16,38457,34364,676
Manipur,Thoubal,24.54539255,93.97959894,276,MANIPUR,422168,210845,211323,269304,152617,116687,33106,267146,107323,4322,106,114,24,42347,49507,880
Manipur,Ukhrul,25.05900315,94.44129567,279,MANIPUR,183998,94718,89280,129829,70148,59681,3852,7553,1115,174112,108,635,70,32,14026,276
Manipur,Chandel,24.2635813,94.09443844,280,MANIPUR,144182,74579,69603,90302,51053,39249,8315,10810,3086,129049,136,400,59,354,18764,184
Mizoram,Mamit,23.73852943,92.43308038,281,MIZORAM,86364,44828,41536,60191,32977,27214,2553,2989,1782,69104,13,12328,25,19,12158,90
Mizoram,Kolasib,24.20200043,92.73470391,282,MIZORAM,83955,42918,41037,65895,34147,31748,5921,4000,4426,75210,16,108,2,46,14853,367
Mizoram,Aizawl,23.90781335,92.85359459,283,MIZORAM,400309,199270,201039,340595,169547,171048,11434,13249,5264,379134,105,1570,76,505,79804,4019
Mizoram,Champhai,23.54166581,93.24221799,284,MIZORAM,125745,63388,62357,100802,51440,49362,5823,1075,699,123446,9,151,45,194,23948,186
Mizoram,Serchhip,23.26386471,92.9141585,285,MIZORAM,64937,32851,32086,54476,27598,26878,1284,991,335,63444,6,60,9,35,12315,131
Mizoram,Lunglei,23.00771704,92.63512555,286,MIZORAM,161428,82891,78537,121122,64515,56607,10662,5231,1290,127124,74,27543,93,5,26394,482
Mizoram,Lawngtlai,22.36102843,92.66964157,287,MIZORAM,117894,60599,57295,62861,36444,26417,3153,1668,522,63892,52,51549,122,2,9283,162
Mizoram,Saiha,22.35744801,93.02827931,288,MIZORAM,56574,28594,27980,42233,21861,20372,957,933,514,54977,11,102,4,2,7400,168
Tripura,West Tripura,23.78016624,91.41310789,289,TRIPURA,1725739,879428,846311,1361354,722998,638356,156108,1512801,152791,53622,499,2128,362,430,314567,6394
Tripura,South Tripura,23.2118741,91.60658076,290,TRIPURA,876001,447544,428457,646810,351082,295728,111332,736015,49258,39258,245,49420,106,808,133744,948
Tripura,Dhalai,23.78136048,91.94654283,291,TRIPURA,378230,194544,183686,276217,151643,124574,42201,307120,8256,22940,175,39120,85,206,46875,273
Tripura,North Tripura,24.12173976,92.17842538,292,TRIPURA,693947,352860,341087,520402,275646,244756,43977,507967,105737,44062,151,34717,307,70,81601,997
Meghalaya,West Garo Hills,25.49528519,90.03709947,293,MEGHALAYA,643291,324159,319132,358702,193438,165264,39725,122936,106788,389956,209,3392,144,16950,51301,1630
Meghalaya,East Garo Hills,25.82728228,90.64684925,294,MEGHALAYA,317917,161223,156694,192147,102513,89634,19246,17272,3359,289708,56,1004,38,5617,24550,288
Meghalaya,South Garo Hills,25.24056858,90.64560349,295,MEGHALAYA,142334,73170,69164,82062,45003,37059,5565,7036,1050,132984,27,332,10,362,10940,179
Meghalaya,West Khasi Hills,25.50088993,91.25364542,296,MEGHALAYA,383461,193715,189746,230678,117307,113371,37184,6498,1533,366881,58,1313,38,5878,32873,149
Meghalaya,East Khasi Hills,25.30376389,91.7592252,298,MEGHALAYA,825922,410749,415173,578030,287270,290760,40889,144935,14185,543394,2495,3111,303,115597,135941,5032
Meghalaya,Jaintia Hills,25.33959557,92.3760816,299,MEGHALAYA,395124,196285,198839,187527,87371,100156,35766,12456,1646,271596,34,284,45,107559,41677,510
Assam,Kokrajhar,26.49724664,90.13997471,300,ASSAM,887142,452905,434237,489305,275220,214085,56330,529068,252271,101091,93,1718,396,123,41373,1218
Assam,Goalpara,26.01727778,90.59869892,302,ASSAM,1008183,513292,494891,563577,304302,259275,75828,347878,579929,77862,771,194,477,103,78641,1364
Assam,Barpeta,26.42787226,90.9791201,303,ASSAM,1693622,867004,826618,897058,499038,398020,98946,492966,1198036,1020,112,49,399,14,84804,2078
Assam,Nagaon,26.26462171,92.93061911,305,ASSAM,2823768,1439112,1384656,1710716,921850,788866,196174,1225246,1563203,26844,3036,1073,1162,61,195631,5121
Assam,Sonitpur,26.73514927,92.85197805,306,ASSAM,1924110,983904,940206,1108572,620525,488047,114865,1422824,350536,138166,1363,5088,1003,221,133368,4358
Assam,Lakhimpur,27.14128806,94.07759493,307,ASSAM,1042137,529674,512463,683486,375552,307934,43922,797130,193476,46217,412,1074,250,2410,60296,1948
Assam,Dhemaji,27.58653344,94.71336909,308,ASSAM,686133,351249,334884,423028,237761,185267,19181,655052,13475,8711,297,911,167,6315,28195,1192
Assam,Tinsukia,27.53549291,95.69055949,309,ASSAM,1327929,680231,647698,798322,453449,344873,47756,1181347,48373,76877,1999,16228,837,395,161718,5135
Assam,Dibrugarh,27.30612284,95.09982823,310,ASSAM,1326335,676434,649901,884531,491361,393170,61209,1198401,64526,52968,2261,4673,1055,46,136685,8817
Assam,Jorhat,26.76244824,94.30197723,312,ASSAM,1092256,556805,535451,794929,432335,362594,53153,1008219,54684,21051,1540,2378,719,578,122063,5651
Assam,Golaghat,26.37721971,93.82583398,313,ASSAM,1066888,543161,523727,721764,396475,325289,66616,917426,90312,50582,1131,3863,530,1347,82345,3073
Assam,Karbi Anglong,26.08966455,93.1153657,314,ASSAM,956313,490167,466146,557214,314253,242961,60952,766000,20290,157789,370,6260,397,3568,53918,1923
Assam,Cachar,24.81557067,92.8684965,316,ASSAM,1736617,886284,850333,1174128,639946,534182,68664,1038985,654816,37635,280,341,1673,98,140205,5316
Assam,Karimganj,24.69660712,92.36794986,317,ASSAM,1228686,625864,602822,795297,435942,359355,67033,521962,692489,11990,114,446,524,110,70951,1933
Assam,Hailakandi,24.45749609,92.59154665,318,ASSAM,659296,337890,321406,407366,226836,180530,31248,251194,397653,8480,84,490,247,636,44143,1211
Assam,Bongaigaon,26.45012522,90.67342962,319,ASSAM,738804,375818,362986,434078,237114,196964,47406,359145,371033,5924,384,236,871,9,49866,2523
Assam,Kamrup,26.17093945,91.58863274,321,ASSAM,1517542,778461,739081,995319,550219,445100,99522,877495,601784,33297,319,185,1330,55,122191,3109
Assam,Nalbari,26.46323768,91.40598521,323,ASSAM,771639,396006,375633,531771,293184,238587,34984,491582,277488,429,62,27,1004,9,68313,1631
Assam,Darrang,26.58463216,92.04141338,325,ASSAM,928500,475273,453227,487039,268666,218373,81617,327322,597392,1688,431,57,724,19,45444,1166
West Bengal,Darjiling,26.83961957,88.33145067,327,WEST BENGAL,1846823,937259,909564,1315585,717673,597912,66041,1366681,105086,141848,2032,209240,1840,15523,297176,10943
West Bengal,Jalpaiguri,26.62642031,89.04154375,328,WEST BENGAL,3872846,1983064,1889782,2498780,1396622,1102158,349672,3156781,445817,186279,2994,50676,1461,23816,382500,9322
West Bengal,Uttar Dinajpur,26.04461917,88.23595232,330,WEST BENGAL,3007134,1551066,1456068,1489667,853495,636172,442328,1482943,1501170,16702,477,432,1324,1622,199307,2883
West Bengal,Dakshin Dinajpur,25.34209436,88.6982168,331,WEST BENGAL,1676276,857199,819077,1083685,596474,487211,279932,1232850,412788,24794,276,148,323,2786,168069,2518
West Bengal,Maldah,25.08026803,88.17191685,332,WEST BENGAL,3988845,2051541,1937304,2086432,1152019,934413,545759,1914352,2045151,13209,747,359,639,7929,297716,5357
West Bengal,Murshidabad,24.25950655,88.1681686,333,WEST BENGAL,7103807,3627564,3476243,4055834,2177187,1878647,842294,2359061,4707573,18102,766,348,3037,7429,541169,7951
West Bengal,Birbhum,24.06389343,87.65153089,334,WEST BENGAL,3502404,1790920,1711484,2158447,1201481,956966,611510,2181515,1298054,10906,582,258,1152,6051,333752,5210
West Bengal,Barddhaman,23.44445389,87.81505811,335,WEST BENGAL,7717563,3966889,3750674,5247208,2918040,2329168,973182,6008472,1599764,21220,16675,1602,1674,44968,1049943,32323
West Bengal,Nadia,23.56410971,88.58293035,336,WEST BENGAL,5167600,2653768,2513832,3480555,1878866,1601689,556134,3728482,1382682,33835,849,514,281,16893,623729,12787
West Bengal,Hugli,22.87929265,88.00010265,338,WEST BENGAL,5519145,2814653,2704492,4078388,2211777,1866611,583380,4574569,870204,7300,2662,1730,2160,49050,965258,31725
West Bengal,Bankura,23.08128089,87.12640054,339,WEST BENGAL,3596674,1838095,1758579,2232992,1299337,933655,647374,3033581,290450,3865,386,260,2904,260694,334670,4273
West Bengal,Puruliya,23.25419233,86.39685329,340,WEST BENGAL,2930115,1496996,1433119,1624905,1002058,622847,492205,2373120,227249,8646,622,209,3052,309029,189889,3551
West Bengal,Haora,22.40167417,87.99421177,341,WEST BENGAL,4850029,2500819,2349210,3605206,1942824,1662382,181662,3535844,1270641,8666,4380,1258,9699,1265,796953,30751
West Bengal,Kolkata,22.55058148,88.35276481,342,WEST BENGAL,4496694,2356766,2139928,3588137,1926915,1661222,12388,3440290,926414,39758,13849,4771,21178,1452,927602,136618
Jharkhand,Garhwa,24.08211469,83.68664266,346,JHARKHAND,1322784,683575,639209,653476,405161,248315,328673,1104475,194680,17168,123,371,20,4591,29373,565
Jharkhand,Chatra,24.11619946,84.93295805,347,JHARKHAND,1042886,533935,508951,510061,303902,206159,188513,903179,116710,6565,888,35,129,12936,27037,590
Jharkhand,Giridih,24.3057851,86.08710916,349,JHARKHAND,2445474,1258098,1187376,1253475,783736,469739,362610,1856202,508586,14645,937,650,1503,59218,125431,1944
Jharkhand,Deoghar,24.33070101,86.75697632,350,JHARKHAND,1492073,775022,717051,793538,489837,303701,209693,1165140,302626,6027,143,188,282,16067,130193,1944
Jharkhand,Godda,24.8189,87.29417355,351,JHARKHAND,1313551,677927,635624,604519,376212,228307,307767,937126,289182,37795,97,128,115,47067,43230,874
Jharkhand,Sahibganj,24.9366799,87.68264098,352,JHARKHAND,1150567,589391,561176,483263,287303,195960,206902,628044,398243,83208,198,245,125,38426,34879,591
Jharkhand,Pakur,24.57260428,87.69691969,353,JHARKHAND,900422,452661,447761,352881,206989,145892,150028,410127,322963,75865,356,283,222,88760,31414,328
Jharkhand,Dhanbad,23.85450909,86.40372925,354,JHARKHAND,2684487,1405956,1278531,1722204,1014950,707254,103488,2149480,431762,11243,9727,331,1268,77182,427173,11568
Jharkhand,Bokaro,23.6814965,85.98398374,355,JHARKHAND,2062330,1072807,989523,1273520,759088,514432,126406,1636460,241451,13730,4174,1890,2045,160524,274726,9754
Jharkhand,Lohardaga,23.48879604,84.66051691,356,JHARKHAND,461790,232629,229161,259707,149568,110139,80840,112378,95012,16770,51,33,15,235987,28769,351
Jharkhand,Palamu,24.19692597,84.20310843,358,JHARKHAND,1939869,1006302,933567,1024563,621706,402857,380976,1683169,238295,6164,734,188,284,5681,68238,2155
Jharkhand,Latehar,23.72511186,84.48298743,359,JHARKHAND,726978,369666,357312,350682,209706,140976,142729,473049,69808,47653,120,128,16,133525,38194,340
Jharkhand,Dumka,24.27500613,87.2766245,362,JHARKHAND,1321442,668514,652928,672409,406275,266134,303084,1044726,106865,86404,234,267,162,78622,62110,1193
Jharkhand,Jamtara,23.97873318,86.9532508,363,JHARKHAND,791042,404830,386212,426312,258260,168052,135667,550560,164406,4419,520,118,783,68564,49419,808
Jharkhand,Ranchi,23.18423506,85.31781937,364,JHARKHAND,2914253,1494937,1419316,1911433,1085244,826189,267360,1612239,410759,193974,4826,932,2733,677445,350908,22538
Jharkhand,Gumla,23.07853295,84.55056787,366,JHARKHAND,1025213,514390,510823,559720,321795,237925,97918,309563,51429,202449,221,531,23,457468,31687,831
Jharkhand,Simdega,22.60876039,84.59193692,367,JHARKHAND,599578,300309,299269,343483,191991,151492,90232,201524,15103,306601,51,753,114,73930,16865,423
Orissa,Jharsuguda,21.82705857,83.93581682,371,ORISSA,579505,296690,282815,405879,228092,177787,56809,553587,12783,10462,1441,80,70,67,81433,2498
Orissa,Sambalpur,21.51575238,84.34958483,372,ORISSA,1041099,526877,514222,703691,393192,310499,160798,964188,20120,50637,2506,310,86,1117,126498,5231
Orissa,Sundargarh,22.06354819,84.50524819,374,ORISSA,2093437,1061147,1032290,1342322,750147,592175,253327,1532352,71391,385011,5713,710,721,89986,223537,12787
Orissa,Mayurbhanj,21.89762155,86.40304081,376,ORISSA,2519738,1256213,1263525,1369397,794171,575226,568755,2113079,33706,15008,661,162,109,351714,140189,2950
Orissa,Baleshwar,21.48570932,87.08085828,377,ORISSA,2320529,1185787,1134742,1621232,902359,718873,358214,2197709,94254,6434,237,111,201,18345,296834,7370
Orissa,Bhadrak,20.95262735,86.81496205,378,ORISSA,1506337,760260,746077,1094140,596269,497871,151377,1398543,104202,745,169,81,111,61,164636,2637
Orissa,Kendrapara,20.60631982,86.83763248,379,ORISSA,1440361,717814,722547,1089265,579970,509295,143864,1386792,50247,1423,169,62,52,24,173107,1628
Orissa,Cuttack,20.40764065,85.77768102,381,ORISSA,2624470,1352760,1271710,2011469,1103033,908436,248298,2457729,141263,11985,1026,6276,1180,168,349587,15046
Orissa,Dhenkanal,20.79887159,85.53226836,383,ORISSA,1192811,612593,580218,829910,464093,365817,163636,1185542,4805,727,124,366,39,139,117172,1810
Orissa,Nayagarh,20.19289562,85.056147,385,ORISSA,962789,502636,460153,688362,392333,296029,120129,955754,5278,383,107,33,24,12,124984,1163
Orissa,Khordha,20.05416232,85.52234834,386,ORISSA,2251673,1167137,1084536,1749936,957515,792421,116274,2147632,84060,12527,1264,475,476,434,349860,35701
Orissa,Puri,19.83509175,85.8669899,387,ORISSA,1698730,865380,833350,1291939,704857,587082,163942,1644905,46094,4239,193,243,94,302,201605,3416
Orissa,Ganjam,19.26326176,84.8029771,388,ORISSA,3529031,1779218,1749813,2210050,1262652,947398,565448,3486059,13315,23975,590,174,170,76,405298,9049
Orissa,Gajapati,19.12108088,84.14015092,389,ORISSA,577817,282882,294935,262537,153663,108874,153199,353160,1556,219482,53,2180,66,4,63112,635
Orissa,Kandhamal,20.09287862,84.02216353,390,ORISSA,733110,359945,373165,399786,233900,165886,162932,580300,2138,148895,82,290,47,23,28736,768
Orissa,Nuapada,20.47130951,82.59152537,394,ORISSA,610382,301962,308420,299383,180903,118480,149834,601092,4952,1778,724,76,905,22,43976,757
Orissa,Kalahandi,19.78425309,83.11240438,395,ORISSA,1576869,787101,789768,802036,484177,317859,436733,1555367,4975,11160,796,175,1225,220,91171,1953
Orissa,Rayagada,19.29284002,83.4586012,396,ORISSA,967911,471960,495951,407735,241959,165776,248175,874445,4607,84916,219,249,123,44,61543,1553
Orissa,Koraput,18.82627795,82.8127847,398,ORISSA,1379647,678809,700838,568090,340843,227247,290626,1294151,8850,68550,518,219,491,3384,85766,3988
Orissa,Malkangiri,18.2522793,81.98293636,399,ORISSA,613192,303624,309568,244706,147001,97705,106353,600219,1871,10039,213,43,195,35,24604,448
Chhattisgarh,Koriya,23.50412777,82.12515636,400,CHHATTISGARH,658917,334737,324180,397823,229923,167900,94648,604259,25878,9398,1391,84,1155,15474,80023,1667
Chhattisgarh,Surguja,23.32719279,83.23582494,401,CHHATTISGARH,2359886,1193129,1166757,1187941,694686,493255,523356,2126195,81442,97432,2303,1287,623,48295,253131,2737
Chhattisgarh,Jashpur,22.77286168,83.87039621,402,CHHATTISGARH,851669,424747,426922,495415,280656,214759,197558,629509,15336,189588,474,467,694,14835,76783,567
Chhattisgarh,Raigarh,22.00826507,83.27797699,403,CHHATTISGARH,1493984,750278,743706,951639,542756,408883,323788,1422986,17332,47653,2117,781,409,1782,297308,3342
Maharashtra,Raigarh,18.45325764,73.00906094,403,CHHATTISGARH,1493984,750278,743706,951639,542756,408883,323788,1422986,17332,47653,2117,781,409,1782,297308,3342
Chhattisgarh,Korba,22.4917125,82.57604327,404,CHHATTISGARH,1206640,612915,593725,748759,433391,315368,221806,1133176,30195,21059,3666,897,753,15649,202380,4544
Chhattisgarh,Bilaspur,22.35694298,81.99770351,406,CHHATTISGARH,2663629,1351574,1312055,1596560,932474,664086,572292,2540763,57973,20745,6373,2979,2357,29122,519704,8566
Himachal Pradesh,Bilaspur,31.37804229,76.65316079,406,CHHATTISGARH,2663629,1351574,1312055,1596560,932474,664086,572292,2540763,57973,20745,6373,2979,2357,29122,519704,8566
Chhattisgarh,Durg,21.19446385,81.3318164,409,CHHATTISGARH,3343872,1682101,1661771,2303378,1284612,1018766,560415,3129745,83499,24304,24276,19587,17209,42569,614109,16141
Chhattisgarh,Raipur,20.88603154,82.2003276,410,CHHATTISGARH,4063872,2048186,2015686,2629749,1493158,1136591,708993,3881485,103038,23181,16707,8397,17137,10680,728556,20261
Chhattisgarh,Mahasamund,21.22372704,82.65925427,411,CHHATTISGARH,1032754,511967,520787,637963,364089,273874,278073,1008061,12570,5284,2941,521,1495,1417,212487,961
Chhattisgarh,Dhamtari,20.55491263,81.75691955,412,CHHATTISGARH,799781,397897,401884,546833,303924,242909,182602,777188,10425,2644,1196,667,3612,3685,148926,1016
Chhattisgarh,Bastar,19.39386675,81.52895127,414,CHHATTISGARH,1413199,698487,714712,650863,382335,268528,287828,1277975,12413,27951,2099,985,3466,86925,157646,1782
Karnataka,Bijapur,16.84015317,75.95909167,417,CHHATTISGARH,255230,128663,126567,86919,54076,32843,49859,245151,1617,2709,68,1649,15,3793,12516,117
Madhya Pradesh,Sheopur,25.78014811,77.16911117,418,MADHYA PRADESH,687861,361784,326077,328025,208201,119824,115261,638702,41396,230,6387,201,379,40,74770,273
Madhya Pradesh,Morena,26.37313505,77.88447341,419,MADHYA PRADESH,1965970,1068417,897553,1179685,747652,432033,148222,1875495,76159,1092,557,3234,6681,92,131486,1781
Madhya Pradesh,Bhind,26.35951126,78.76183243,420,MADHYA PRADESH,1703005,926843,776162,1094917,676513,418404,158266,1595400,66776,973,4047,12215,19950,73,107819,1166
Madhya Pradesh,Gwalior,26.04074442,78.12782433,421,MADHYA PRADESH,2032036,1090327,941709,1357210,803114,554096,120348,1835299,141735,4119,24790,4361,18058,217,306859,15779
Madhya Pradesh,Datia,25.9022644,78.63916571,422,MADHYA PRADESH,786754,420157,366597,491445,303815,187630,93744,747693,28483,683,490,7923,453,10,97696,616
Madhya Pradesh,Shivpuri,25.37802452,77.74861601,423,MADHYA PRADESH,1726050,919795,806255,900846,573242,327604,220440,1648749,51200,1117,7151,3421,12171,72,148128,1852
Madhya Pradesh,Tikamgarh,25.14099852,78.89357065,424,MADHYA PRADESH,1445166,760355,684811,747940,459353,288587,223852,1383475,44143,588,251,109,15569,39,132725,1090
Madhya Pradesh,Chhatarpur,24.81363738,79.56449299,425,MADHYA PRADESH,1762375,936121,826254,943033,572010,371023,238364,1676918,70351,1980,968,250,10409,102,176056,1880
Madhya Pradesh,Panna,24.45132584,80.21133001,426,MADHYA PRADESH,1016520,533480,483040,552559,332140,220419,198847,974748,35214,418,186,37,4734,218,76097,653
Madhya Pradesh,Sagar,23.80031871,78.71940358,427,MADHYA PRADESH,2378458,1256257,1122201,1545719,908607,637112,378560,2198297,103480,5580,4146,991,62992,168,366494,4546
Madhya Pradesh,Damoh,23.76624408,79.47049303,428,MADHYA PRADESH,1264219,661873,602346,747715,445737,301978,250165,1186420,47966,1681,1096,119,25005,82,187731,1432
Madhya Pradesh,Satna,24.62777622,80.75547049,429,MADHYA PRADESH,2228935,1157495,1071440,1371781,801051,570730,371584,2158623,59471,2228,1163,364,3135,1689,294702,3754
Madhya Pradesh,Rewa,24.86118463,81.57572465,430,MADHYA PRADESH,2365106,1225100,1140006,1441757,845572,596185,463506,2268838,85414,1964,832,986,655,232,251132,3406
Madhya Pradesh,Umaria,23.59601063,80.90879477,431,MADHYA PRADESH,644758,330674,314084,356672,210907,145765,145690,620515,15966,667,190,70,220,6028,67975,839
Madhya Pradesh,Neemuch,24.70311893,75.06608187,432,MADHYA PRADESH,826067,422653,403414,508834,307889,200945,136330,741288,67324,1508,1110,224,14165,115,145258,1945
Madhya Pradesh,Mandsaur,24.19278764,75.43588668,433,MADHYA PRADESH,1340411,682851,657560,834591,502898,331693,266350,1192588,125548,1120,849,242,19029,77,239885,2324
Madhya Pradesh,Ratlam,23.50356229,75.14895782,434,MADHYA PRADESH,1455069,738241,716828,825880,485090,340790,305946,1267043,151071,3996,1353,175,29353,123,213825,3644
Madhya Pradesh,Ujjain,23.31928886,75.80383718,435,MADHYA PRADESH,1986864,1016289,970575,1240990,730817,510173,302003,1718204,233133,4659,3241,945,24622,211,323379,7501
Madhya Pradesh,Shajapur,23.56662032,76.33555181,436,MADHYA PRADESH,1512681,780520,732161,894612,543509,351103,303157,1321003,174724,815,631,179,13755,66,232735,1382
Madhya Pradesh,Dewas,22.785111,76.46088806,437,MADHYA PRADESH,1563715,805359,758356,925369,550716,374653,310606,1376591,174259,2355,2330,382,6497,72,270457,3518
Madhya Pradesh,Dhar,22.57268172,75.11056207,438,MADHYA PRADESH,2185793,1112725,1073068,1077338,638479,438859,437437,2051219,116202,2261,1607,328,12199,88,349639,2388
Madhya Pradesh,Indore,22.68026575,75.91338013,439,MADHYA PRADESH,3276697,1699627,1577070,2309130,1289631,1019499,185528,2728225,415142,18523,25696,11496,71667,720,593576,48691
Madhya Pradesh,Barwani,21.70213571,74.9100472,441,MADHYA PRADESH,1385881,699340,686541,549926,313642,236284,267196,1318869,58222,2967,2361,416,2289,263,181139,1158
Madhya Pradesh,Rajgarh,23.78549903,76.66431224,442,MADHYA PRADESH,1545814,790212,755602,804245,488797,315448,330820,1433879,106928,1243,460,121,1599,50,231130,1611
Madhya Pradesh,Vidisha,23.82838308,77.90135076,443,MADHYA PRADESH,1458875,769568,689307,862918,512344,350574,228308,1287391,149548,1313,914,295,18490,70,181510,1926
Madhya Pradesh,Bhopal,23.48072614,77.39246623,444,MADHYA PRADESH,2371061,1236130,1134931,1660690,920314,740376,105195,1755861,525434,23432,10789,21688,25950,335,452912,40788
Madhya Pradesh,Sehore,22.92971997,77.06780203,445,MADHYA PRADESH,1311332,683743,627589,780362,469208,311154,227026,1163607,137980,1404,640,357,6232,66,212138,1566
Madhya Pradesh,Raisen,23.29251821,78.16305496,446,MADHYA PRADESH,1331597,700358,631239,820220,479093,341127,228151,1195235,120331,1725,2262,253,10637,190,194373,1141
Madhya Pradesh,Betul,21.96462632,77.78734282,447,MADHYA PRADESH,1575362,799236,776126,939769,529783,409986,358157,1505745,37590,3271,1078,9651,3759,13048,230974,2109
Madhya Pradesh,Harda,22.22765978,77.07022572,448,MADHYA PRADESH,570465,294838,275627,352550,203807,148743,101256,527462,38640,683,676,93,1573,55,95066,986
Madhya Pradesh,Hoshangabad,22.5952688,78.02168095,449,MADHYA PRADESH,1241350,648725,592625,810644,469199,341445,181967,1175203,52269,4453,3127,1550,3888,107,198076,2871
Madhya Pradesh,Katni,23.72441623,80.33819666,450,MADHYA PRADESH,1292042,662013,630029,790773,460583,330190,223902,1240650,37232,3158,1167,157,5342,2643,172416,2179
Madhya Pradesh,Jabalpur,23.18525572,79.98328755,451,MADHYA PRADESH,2463289,1277278,1186011,1756468,980307,776161,283636,2159065,203652,23142,13256,4320,33728,21010,452023,20443
Madhya Pradesh,Dindori,22.83738437,81.04332967,453,MADHYA PRADESH,704524,351913,352611,378714,222759,155955,190962,605435,6736,4238,260,61,687,84006,62372,554
Madhya Pradesh,Mandla,22.70348712,80.38600544,454,MADHYA PRADESH,1054905,525272,529633,604962,348033,256929,318909,849518,16558,12450,436,297,1789,170533,143803,912
Madhya Pradesh,Chhindwara,22.22796697,78.76413136,455,MADHYA PRADESH,2090922,1064468,1026454,1294198,731294,562904,422668,1923920,100692,4893,2258,24471,7830,25771,344875,3588
Madhya Pradesh,Seoni,22.33230488,79.66053864,456,MADHYA PRADESH,1379131,695879,683252,864194,485341,378853,376404,1145052,79739,1857,360,7288,4982,135315,228695,1182
Madhya Pradesh,Balaghat,21.80020721,80.42170053,457,MADHYA PRADESH,1701698,842178,859520,1147623,626468,521155,459796,1519384,38542,5295,1050,72162,4778,58064,277927,1712
Madhya Pradesh,Guna,24.49043927,77.2235896,458,MADHYA PRADESH,1241519,649362,592157,653980,400537,253443,175615,1172248,49203,1208,3271,529,13474,52,144248,2482
Madhya Pradesh,Ashoknagar,24.63098846,77.82974494,459,MADHYA PRADESH,845071,443837,401234,469109,290304,178805,122387,778214,40707,635,8009,1352,15094,27,84720,619
Madhya Pradesh,Shahdol,23.44859865,81.45968318,460,MADHYA PRADESH,1066063,540021,526042,604194,348761,255433,258991,997073,42426,2372,912,268,1737,19448,113184,1733
Madhya Pradesh,Anuppur,23.1818422,81.8656,461,MADHYA PRADESH,749237,379114,370123,436595,254120,182475,130376,686524,21473,2132,606,86,1653,35434,81338,1290
Madhya Pradesh,Sidhi,24.1754719,82.10537834,462,MADHYA PRADESH,1127033,575912,551121,600785,353030,247755,262030,1077545,34419,511,128,92,93,12556,102228,837
Madhya Pradesh,Jhabua,22.41957802,74.40921617,464,MADHYA PRADESH,1025048,515023,510025,352081,214582,137499,115649,960925,15733,38423,141,65,8871,388,125411,744
Madhya Pradesh,Burhanpur,21.36456725,76.24460479,467,MADHYA PRADESH,757847,388504,369343,408679,233073,175606,156295,552526,180840,1199,1074,19883,1884,99,112420,986
Gujarat,Kachchh,23.48057203,68.82192301,468,GUJARAT,2092371,1096737,995634,1252319,739239,513080,183971,1608921,442355,6192,6353,490,25312,98,403294,9631
Gujarat,Banas Kantha,24.25853897,71.93205253,469,GUJARAT,3120506,1610379,1510127,1704923,1048402,656521,350541,2890305,213505,1686,486,281,12659,83,396873,3424
Gujarat,Patan,23.80634198,71.75162977,470,GUJARAT,1343734,694397,649337,837913,494631,343282,227080,1194745,142797,916,337,66,3602,66,223424,2231
Gujarat,Mahesana,23.52935545,72.45545194,471,GUJARAT,2035064,1056520,978544,1502645,847499,655146,242969,1885732,136431,1954,1082,146,7087,88,385609,7759
Gujarat,Sabar Kantha,23.71803595,73.1363879,472,GUJARAT,2428589,1244231,1184358,1578734,918625,660109,333867,2260560,148563,6375,614,168,11110,52,438606,5262
Gujarat,Gandhinagar,23.19367979,72.6722168,473,GUJARAT,1391753,723864,667889,1030494,582686,447808,129356,1319586,57273,3237,1985,497,6405,82,262539,12107
Gujarat,Ahmadabad,22.60542556,72.23898136,474,GUJARAT,7214225,3788051,3426174,5435760,3025463,2410297,268954,6042416,883238,50754,14542,4518,209287,2055,1456046,126341
Gujarat,Surendranagar,22.82672007,71.48358741,475,GUJARAT,1756268,909917,846351,1093626,643221,450405,270861,1620282,109681,1419,512,312,22992,128,302068,2975
Gujarat,Rajkot,22.40603378,70.83679439,476,GUJARAT,3804558,1974445,1830113,2725056,1514075,1210981,214285,3397406,361388,5478,1918,1170,33591,269,747352,21785
Gujarat,Jamnagar,22.41060041,69.62062006,477,GUJARAT,2160119,1114192,1045927,1396534,795140,601394,147193,1810443,320805,4392,1873,1086,18856,136,386538,11573
Gujarat,Porbandar,21.55092352,69.71896988,478,GUJARAT,585449,300209,285240,393678,221621,172057,48964,549749,33565,500,248,91,515,38,117040,1653
Daman and Diu,Junagadh,20.72568199,70.8398564,479,GUJARAT,2743082,1404356,1338726,1842818,1046981,795837,333996,2397056,334858,2586,1110,1291,3841,77,498326,6628
Gujarat,Junagadh,20.92952301,70.5473389,479,GUJARAT,2743082,1404356,1338726,1842818,1046981,795837,333996,2397056,334858,2586,1110,1291,3841,77,498326,6628
Gujarat,Amreli,21.04832649,71.43457638,480,GUJARAT,1514190,771049,743141,995459,558180,437279,209935,1410463,99105,919,415,243,2053,40,273331,2538
Gujarat,Bhavnagar,21.7021939,72.16272633,481,GUJARAT,2880365,1490201,1390164,1887255,1087371,799884,334025,2632574,212863,3457,1410,445,26974,127,500757,7297
Gujarat,Anand,22.28271821,72.57782052,482,GUJARAT,2092745,1087224,1005521,1551253,874481,676772,346329,1798794,250919,29789,1524,267,8591,142,378310,9902
Gujarat,Kheda,22.88765313,73.01880352,483,GUJARAT,2299885,1185727,1114158,1660243,942480,717763,359842,2000884,264482,26629,1403,300,3479,82,372226,5710
Gujarat,Panch Mahals,22.80435607,73.61984598,484,GUJARAT,2390776,1226961,1163815,1440805,858054,582751,376038,2220974,158513,2863,662,337,5236,131,398937,3456
Gujarat,Vadodara,22.26133739,73.4943301,486,GUJARAT,4165626,2153736,2011890,2893080,1614087,1278993,570361,3713941,384579,23813,9340,2069,27650,1124,798277,53606
Gujarat,Narmada,21.70666386,73.68403209,487,GUJARAT,590297,301086,289211,370336,211767,158569,188030,559848,22600,4413,147,80,373,2078,101940,576
Gujarat,Bharuch,21.75787276,72.67326347,488,GUJARAT,1551019,805707,745312,1118276,623047,495229,253577,1188204,343511,9494,1733,442,4813,342,309091,10257
Gujarat,The Dangs,20.80163388,73.68835184,489,GUJARAT,228291,113821,114470,140968,77314,63654,40486,203545,3593,20029,69,32,39,560,29794,137
Gujarat,Navsari,20.86697332,72.8618487,490,GUJARAT,1329672,678165,651507,1001909,539471,462438,206608,1225087,78669,5733,2459,601,13386,2823,267679,6726
Gujarat,Valsad,20.44238232,72.91485848,491,GUJARAT,1705678,887222,818456,1170657,655528,515129,183025,1571147,94034,19661,1589,913,13809,1417,329218,11020
Gujarat,Surat,21.25761373,72.93488716,492,GUJARAT,6081322,3402224,2679098,4571410,2687468,1883942,325739,5260193,660772,21052,5703,12902,112835,3920,1252452,55694
Daman and Diu,Daman,20.43161667,72.83923661,495,DAMAN AND DIU,191173,124659,66514,150348,104316,46032,481,171537,16087,2618,169,216,244,79,49249,1316
Maharashtra,Nandurbar,21.52317563,74.32638757,497,MAHARASHTRA,1648295,833170,815125,906509,512099,394410,438176,1521618,96182,8467,685,4969,6191,2907,186202,2579
Maharashtra,Dhule,21.27401869,74.58719072,498,MAHARASHTRA,2050862,1054031,996831,1293916,723388,570528,429536,1825460,187901,3653,1422,13405,12818,912,315332,6065
Maharashtra,Jalgaon,20.88289434,75.55140422,499,MAHARASHTRA,4229917,2197365,2032552,2891882,1629223,1262659,937174,3457615,560261,7091,3091,143865,27404,9662,720791,14297
Maharashtra,Buldana,20.56680611,76.3901788,500,MAHARASHTRA,2586258,1337560,1248698,1879874,1048892,830982,603227,1845424,354236,3531,1668,364229,12242,522,423036,4767
Maharashtra,Akola,20.74631048,77.1212232,501,MAHARASHTRA,1813906,932334,881572,1411281,758977,652304,388521,1107809,357253,4483,1504,328033,10205,389,314490,6163
Maharashtra,Washim,20.28228239,77.25502394,502,MAHARASHTRA,1197160,620302,576858,869917,487703,382214,310195,859949,142672,1707,518,179330,8476,381,196022,1875
Maharashtra,Amravati,21.16520992,77.67583503,503,MAHARASHTRA,2888445,1480768,1407677,2251875,1207104,1044771,667943,2055177,421410,7223,2242,383891,11360,3288,512492,9438
Maharashtra,Wardha,20.80743024,78.57259106,504,MAHARASHTRA,1300774,668385,632389,1019458,552617,466841,282170,1057096,53854,2696,2147,175417,5663,2254,266155,4313
Maharashtra,Nagpur,21.19655686,79.02166176,505,MAHARASHTRA,4653570,2384975,2268595,3673808,1959220,1714588,423587,3492202,390974,34667,20469,668050,24528,12181,917626,57964
Maharashtra,Bhandara,21.21179265,80.109502,506,MAHARASHTRA,1200334,605520,594814,899860,488709,411151,312183,1009352,26502,2145,831,154458,1017,3555,227025,2932
Maharashtra,Gondiya,21.22500841,80.17522699,507,MAHARASHTRA,1322507,661554,660953,1004243,542837,461406,281414,1153861,26157,1827,2160,125282,1568,5080,239981,2866
Maharashtra,Chandrapur,20.09560909,79.3155638,509,MAHARASHTRA,2204307,1123834,1080473,1578615,872565,706050,473983,1780085,92297,10701,5251,286734,3861,23188,418666,8239
Maharashtra,Yavatmal,20.04258347,78.05326372,510,MAHARASHTRA,2772348,1419965,1352383,2022574,1115980,906594,739718,2251401,239236,4567,1596,249874,11422,3745,446516,6094
Maharashtra,Nanded,19.20931698,77.6829049,511,MAHARASHTRA,3361292,1730075,1631217,2189425,1255222,934203,632395,2501741,471951,3902,13540,354189,5049,1273,488748,7548
Maharashtra,Hingoli,19.59525302,77.09239413,512,MAHARASHTRA,1177345,606294,571051,790743,450551,340192,226483,863199,127552,992,643,176679,5278,103,159114,1221
Maharashtra,Parbhani,19.31032425,76.70163339,513,MAHARASHTRA,1836086,942870,893216,1157814,666291,491523,317806,1328385,306364,2081,1371,187899,6238,262,272486,3982
Maharashtra,Jalna,19.98461253,75.98473607,514,MAHARASHTRA,1959046,1011473,947573,1195523,699428,496095,300937,1504641,274221,12542,1629,152540,9619,336,288895,3791
Bihar,Aurangabad,24.77429187,84.45986024,515,MAHARASHTRA,3701282,1924469,1776813,2503837,1430936,1072901,396630,2545438,786677,15991,5142,309093,30981,1005,589477,23258
Maharashtra,Aurangabad,20.09792288,75.32072197,515,MAHARASHTRA,3701282,1924469,1776813,2503837,1430936,1072901,396630,2545438,786677,15991,5142,309093,30981,1005,589477,23258
Maharashtra,Nashik,20.26691287,74.03824168,516,MAHARASHTRA,6107187,3157186,2950001,4345366,2397538,1947828,730228,5237009,693052,23946,8912,94783,38212,1795,904710,45039
Maharashtra,Thane,19.69876775,72.79882743,517,MAHARASHTRA,11060148,5865078,5195070,8227161,4591396,3635765,418004,8716055,1355630,280700,39149,449617,172052,9862,2231800,256170
Chhattisgarh,Raigarh,22.00826507,83.27797699,520,MAHARASHTRA,2634200,1344345,1289855,1939994,1059692,880302,191182,2239370,227465,17452,7477,121791,12260,1159,547206,38570
Maharashtra,Raigarh,18.45325764,73.00906094,520,MAHARASHTRA,2634200,1344345,1289855,1939994,1059692,880302,191182,2239370,227465,17452,7477,121791,12260,1159,547206,38570
Maharashtra,Pune,18.51696171,74.12922882,521,MAHARASHTRA,9429408,4924105,4505303,7171723,3940210,3231513,414461,8090254,673704,134192,27090,340404,127786,9873,1925019,235018
Maharashtra,Bid,18.95235334,75.69319706,523,MAHARASHTRA,2585049,1349106,1235943,1718507,987185,731322,373566,2174672,320395,2097,824,68482,8719,399,402052,5614
Maharashtra,Latur,18.34868727,76.75812608,524,MAHARASHTRA,2454196,1273140,1181056,1650672,932432,718240,416578,2006984,367664,2387,935,66535,6387,310,381722,6217
Maharashtra,Osmanabad,18.19459456,75.99495575,525,MAHARASHTRA,1657576,861535,796041,1137810,644304,493506,299525,1437623,178925,942,340,28216,4530,195,240042,3209
Maharashtra,Solapur,17.83735794,75.42394824,526,MAHARASHTRA,4317756,2227852,2089904,2910676,1651266,1259410,558334,3795424,441254,9882,1279,35497,28134,568,595560,15145
Maharashtra,Satara,17.6737909,74.18052064,527,MAHARASHTRA,3003741,1510842,1492899,2225694,1201034,1024660,297241,2691952,146970,4408,1182,141315,12810,676,562653,14093
Maharashtra,Ratnagiri,17.21019507,73.25725894,528,MAHARASHTRA,1615069,761121,853948,1199392,619012,580380,153117,1307211,187197,1990,230,113467,3347,95,367352,7752
Maharashtra,Sindhudurg,16.17094805,73.51329008,529,MAHARASHTRA,849651,417332,432319,666067,348289,317778,81816,780384,26264,15471,219,24762,1046,53,194228,3517
Maharashtra,Kolhapur,16.44881302,74.12897151,530,MAHARASHTRA,3876001,1980658,1895343,2825845,1559760,1266085,266028,3379906,286558,15573,1570,29766,154882,1274,770005,22269
Maharashtra,Sangli,17.15493018,74.70713823,531,MAHARASHTRA,2822143,1435728,1386415,2049467,1121550,927917,290693,2440312,239607,9098,1260,38210,87453,769,485126,13212
Andhra Pradesh,Adilabad,19.28451395,78.81321233,532,ANDHRA PRADESH,2741239,1369597,1371642,1483347,856350,626997,484912,2399901,275970,15422,1377,25510,617,322,566108,5512
Andhra Pradesh,Nizamabad,18.42948585,78.07523491,533,ANDHRA PRADESH,2551335,1250641,1300694,1389810,790214,599596,448281,2123426,391596,19653,2357,1847,542,146,545913,5261
Andhra Pradesh,Karimnagar,18.51548319,79.43765429,534,ANDHRA PRADESH,3776269,1880800,1895469,2206829,1257238,949591,756859,3491139,244723,24979,2086,332,312,115,926768,8831
Andhra Pradesh,Medak,17.88930498,78.13778902,535,ANDHRA PRADESH,3033288,1523030,1510258,1637137,953406,683731,571129,2637313,342449,34301,1309,554,457,217,604719,8635
Andhra Pradesh,Hyderabad,17.38971556,78.46668889,536,ANDHRA PRADESH,3943323,2018575,1924748,2892155,1542688,1349467,23029,2046051,1713405,87522,11446,1268,19560,1929,869721,149034
Andhra Pradesh,Mahbubnagar,16.63954622,77.98933089,538,ANDHRA PRADESH,4053028,2050386,2002642,1940646,1158386,782260,931084,3673456,334172,21345,658,290,388,267,757821,6153
Andhra Pradesh,Nalgonda,17.11325052,79.16984454,539,ANDHRA PRADESH,3488809,1759772,1729037,2001019,1160757,840262,863131,3249231,188646,35025,937,241,250,132,789225,7715
Andhra Pradesh,Warangal,18.01752609,79.87422029,540,ANDHRA PRADESH,3512576,1759281,1753295,2065023,1179790,885233,758092,3273755,197333,31377,1453,253,569,126,828077,12952
Andhra Pradesh,Khammam,17.68392133,80.67008644,541,ANDHRA PRADESH,2797370,1390988,1406382,1630234,901640,728594,804537,2595321,158887,33463,655,217,459,539,668519,8628
Andhra Pradesh,Srikakulam,18.570901,84.25874814,542,ANDHRA PRADESH,2703114,1341738,1361376,1495381,857824,637557,700833,2666950,9025,18879,193,77,160,106,615432,3988
Andhra Pradesh,Vizianagaram,18.28329696,83.45982854,543,ANDHRA PRADESH,2344474,1161477,1182997,1238388,707503,530885,557254,2299129,16423,17853,380,114,815,183,527736,4453
Andhra Pradesh,East Godavari,16.78271832,82.24320747,545,ANDHRA PRADESH,5154296,2569688,2584608,3288577,1716933,1571644,1122046,4983330,77777,77825,738,413,4149,403,1297273,22411
Andhra Pradesh,West Godavari,16.63297944,81.45912991,546,ANDHRA PRADESH,3936966,1964918,1972048,2652389,1379223,1273166,1061787,3733191,86142,109120,288,209,1578,211,1017568,12050
Andhra Pradesh,Krishna,16.14387275,81.14805061,547,ANDHRA PRADESH,4517398,2267375,2250023,3009718,1598959,1410759,1006976,4023678,307043,145598,1393,863,6320,906,1163932,30438
Andhra Pradesh,Guntur,15.88492577,80.58657614,548,ANDHRA PRADESH,4887813,2440521,2447292,2960441,1634726,1325715,1227956,4217597,559770,89763,764,323,3282,332,1186028,19383
Andhra Pradesh,Prakasam,15.489039,80.1166579,549,ANDHRA PRADESH,3397448,1714764,1682684,1904435,1107686,796749,889218,3150195,220654,18775,266,97,204,206,763746,6151
Andhra Pradesh,Kurnool,15.43759715,77.90086837,552,ANDHRA PRADESH,4053463,2039227,2014236,2127161,1246369,880792,1037302,3328380,670737,33165,737,255,2235,434,816721,10081
Andhra Pradesh,Anantapur,14.31206556,77.46015845,553,ANDHRA PRADESH,4081148,2064495,2016653,2310960,1338474,972486,879537,3599372,443456,20463,932,341,1417,309,897970,8606
Andhra Pradesh,Chittoor,13.33109263,78.92763899,554,ANDHRA PRADESH,4174064,2090204,2083860,2667878,1484794,1183084,748093,3737588,397870,24129,867,253,1322,358,944555,13763
Karnataka,Belgaum,16.16107219,74.72329042,555,KARNATAKA,4779661,2423063,2356598,3052032,1725548,1326484,649517,4038331,528412,18418,2037,1086,178310,149,808827,17560
Karnataka,Bagalkot,16.15860676,75.64526071,556,KARNATAKA,1889752,950111,939641,1113412,641388,472024,303243,1634229,219991,3433,443,412,25198,166,301389,3745
Karnataka,Bijapur,16.84015317,75.95909167,557,KARNATAKA,2177331,1111022,1066309,1248268,730566,517702,351600,1786830,369588,2433,558,374,8665,499,326594,4987
Karnataka,Bidar,17.95036173,77.19459962,558,KARNATAKA,1703300,870665,832635,1042673,597198,445475,280091,1289709,335184,35438,1145,30453,680,521,271439,3971
Karnataka,Raichur,16.05079535,76.87368606,559,KARNATAKA,1928812,964511,964301,979769,577213,402556,383526,1634062,272022,10394,538,2265,4156,29,314547,5200
Karnataka,Koppal,15.65125327,76.16170486,560,KARNATAKA,1389920,699926,689994,809085,468785,340300,273016,1218024,161770,4081,296,85,2898,461,223166,2135
Karnataka,Gadag,15.50712826,75.64861303,561,KARNATAKA,1064570,537147,527423,700177,397178,302999,200310,907750,143665,3432,231,79,5993,74,198064,3373
Karnataka,Dharwad,15.34383138,75.13831264,562,KARNATAKA,1847023,937206,909817,1301664,711776,589888,207642,1390020,386834,28747,1486,715,29037,2748,347962,15013
Karnataka,Haveri,14.73758281,75.39612306,564,KARNATAKA,1597668,819128,778540,1085443,603793,481650,311263,1281878,297927,2406,419,68,9834,702,295937,2456
Karnataka,Bellary,15.07437755,76.47228471,565,KARNATAKA,2452595,1236954,1215641,1421621,813440,608181,406092,2103633,320834,14014,1029,284,8044,54,440374,9626
Karnataka,Chitradurga,14.2910222,76.57821957,566,KARNATAKA,1659456,840843,818613,1087392,607188,480204,294337,1520553,128751,3175,322,84,3778,128,307257,5711
Karnataka,Davanagere,14.33041459,75.91723841,567,KARNATAKA,1945497,986400,959097,1308540,720637,587903,295873,1658465,265805,5420,307,164,6417,1743,372671,7320
Karnataka,Shimoga,14.06384589,75.17882078,568,KARNATAKA,1752753,877415,875338,1263016,674938,588078,246464,1479424,234664,26521,400,120,9234,367,363835,8791
Karnataka,Udupi,13.45040423,74.7200999,569,KARNATAKA,1177361,562131,615230,926429,465704,460725,63390,1009179,96740,65838,232,161,4534,155,224814,9070
Karnataka,Chikmagalur,13.42528829,75.67626502,570,KARNATAKA,1137961,566622,571339,818345,438257,380088,126600,1004553,101235,26000,182,109,4710,4,238505,4510
Karnataka,Tumkur,13.59246776,77.02297966,571,KARNATAKA,2678980,1350594,1328386,1813391,1006024,807367,352286,2413812,245923,9130,477,187,5067,161,562769,7971
Karnataka,Mandya,12.57490181,76.81570099,573,KARNATAKA,1805769,905085,900684,1149649,638668,510981,216159,1712695,77801,8506,322,299,3607,109,391033,3367
Karnataka,Hassan,12.94509875,76.1104955,574,KARNATAKA,1776421,883667,892754,1225256,668836,556420,165910,1630814,120011,15611,289,623,5820,3,400702,4851
Karnataka,Kodagu,12.39684468,75.79336596,576,KARNATAKA,554519,274608,279911,412877,215302,197575,15153,448986,87274,17130,139,126,250,220,113931,3308
Karnataka,Mysore,12.24810026,76.52881803,577,KARNATAKA,3001127,1511600,1489527,1962180,1063766,898414,311002,2631985,290549,39361,1255,16194,14419,493,640868,28397
Karnataka,Gulbarga,17.07045952,76.8750385,579,KARNATAKA,2566326,1301755,1264571,1427368,828359,599009,415267,2011014,513125,8344,826,9589,4865,330,404767,9752
Karnataka,Kolar,13.31279988,78.01376948,581,KARNATAKA,1536401,776396,760005,1016219,564110,452109,201233,1305431,199873,26722,253,150,2494,92,309494,5051
Karnataka,Bangalore Rural,12.93682709,77.47369315,583,KARNATAKA,990923,509172,481751,688749,385311,303438,84108,890429,92252,5368,389,272,1045,85,214253,3729
Goa,North Goa,15.54872342,73.80667998,585,GOA,818008,416677,401331,663060,351738,311322,14120,622213,57941,134169,618,553,546,166,173951,23440
Goa,South Goa,15.19527866,73.9417926,586,GOA,640537,322463,318074,502427,264085,238342,12640,341664,63623,231961,855,542,563,92,138810,17624
Kerala,Kasaragod,12.3331031,75.07768497,588,KERALA,1307375,628613,678762,1037492,516476,521016,38774,729987,486913,87454,151,362,130,152,237670,10378
Kerala,Kannur,11.94152308,75.35209892,589,KERALA,2523003,1181446,1341557,2138434,1012956,1125478,82988,1509592,742483,262526,424,1118,193,722,511167,32653
Kerala,Wayanad,11.71527746,76.07587007,590,KERALA,817420,401684,415736,645585,328136,317449,101630,404460,234185,174453,61,312,1797,286,149864,4712
Kerala,Kozhikode,11.39292427,75.7115872,591,KERALA,3086293,1470942,1615351,2615443,1266939,1348504,64198,1734958,1211131,131516,297,235,601,588,641660,36791
Kerala,Malappuram,10.97329876,75.93910776,592,KERALA,4112920,1960328,2152592,3311315,1597404,1713911,117405,1135259,2888849,81556,205,179,68,579,730119,27909
Kerala,Palakkad,10.7849269,76.49980491,593,KERALA,2809934,1359478,1450456,2239492,1122600,1116892,249949,1875980,812936,114397,220,238,78,400,587583,27162
Kerala,Thrissur,10.45893265,76.12321941,594,KERALA,3121200,1480763,1640437,2678548,1282261,1396287,73941,1823442,532839,757484,259,278,62,585,721625,56148
Kerala,Ernakulam,10.0048793,76.26957729,595,KERALA,3282388,1619557,1662831,2855676,1425723,1429953,71391,1509557,514397,1248137,860,614,1176,1083,771287,88737
Kerala,Idukki,9.804809639,77.04586642,596,KERALA,1108974,552808,556166,923010,471881,451129,145698,541854,82206,481507,100,189,44,384,244844,8250
Kerala,Kottayam,9.643701174,76.46059673,597,KERALA,1974551,968289,1006262,1749798,861592,888206,63052,983598,126499,858608,204,358,83,565,464039,37849
Kerala,Alappuzha,9.542602966,76.38010796,598,KERALA,2127789,1013142,1114647,1852797,890552,962245,71706,1460447,224545,435056,268,146,74,311,507913,28842
Kerala,Kollam,8.929388821,76.63607759,600,KERALA,2635375,1246968,1388407,2240273,1074345,1165928,92193,1697635,508500,421598,208,272,63,619,630767,31542
Kerala,Thiruvananthapuram,8.537101759,76.88711503,601,KERALA,3301427,1581678,1719749,2785408,1354857,1430551,94470,2194057,452915,630573,404,301,76,1082,783872,71621
Tamil Nadu,Thiruvallur,13.2758581,80.19724703,602,TAMIL NADU,3728104,1876062,1852042,2791721,1495711,1296010,270586,3325823,143093,233633,1422,951,3693,530,909400,75634
Tamil Nadu,Chennai,13.05809891,80.28139152,603,TAMIL NADU,4646732,2335844,2310888,3776276,1968079,1808197,13674,3751322,439270,358662,2851,2804,51708,1759,1096334,217368
Tamil Nadu,Kancheepuram,12.49642476,80.0882036,604,TAMIL NADU,3998252,2012958,1985294,3013382,1611461,1401921,272514,3537399,173785,256762,1620,990,4962,756,961161,100322
Tamil Nadu,Vellore,12.78488263,79.02643284,605,TAMIL NADU,3936331,1961688,1974643,2773928,1504355,1269573,391955,3397857,414760,111390,676,438,3514,251,865913,20623
Tamil Nadu,Tiruvannamalai,12.41931895,79.23265632,606,TAMIL NADU,2464875,1235889,1228986,1626813,909803,717010,525063,2294369,91636,66987,232,157,7898,110,549077,6445
Tamil Nadu,Salem,11.6293242,78.2478258,608,TAMIL NADU,3482056,1781571,1700485,2285562,1285107,1000455,454210,3326357,95487,53841,412,174,992,246,835377,20660
Tamil Nadu,Namakkal,11.33766638,78.14624841,609,TAMIL NADU,1726601,869280,857321,1176131,653312,522819,253726,1673652,32483,16909,183,108,84,199,441044,8960
Tamil Nadu,Erode,11.26701216,77.42034335,610,TAMIL NADU,2251744,1129868,1121876,1492662,828300,664362,370212,2115455,76098,55899,435,148,639,157,595211,18604
Tamil Nadu,Dindigul,10.37780139,77.7801128,612,TAMIL NADU,2159775,1080938,1078837,1481834,816180,665654,467959,1879494,105012,169945,313,256,71,138,500057,9155
Tamil Nadu,Karur,10.79532777,78.08749687,613,TAMIL NADU,1064493,528184,536309,727044,401726,325318,200837,993666,53292,16483,115,29,7,79,264949,4915
Tamil Nadu,Perambalur,11.26013776,78.86034012,615,TAMIL NADU,565223,282157,283066,375823,208011,167812,118278,521658,32702,10301,83,39,38,26,135751,1507
Tamil Nadu,Ariyalur,11.19051484,79.22249644,616,TAMIL NADU,754894,374703,380191,480604,269582,211022,166837,708397,7942,37403,104,88,65,42,177502,1749
Tamil Nadu,Cuddalore,11.57587301,79.63002365,617,TAMIL NADU,2605914,1311697,1294217,1815281,1000322,814959,539412,2391675,123749,83334,401,236,1280,138,598412,15396
Tamil Nadu,Nagapattinam,10.78946816,79.79437299,618,TAMIL NADU,1616450,798127,818323,1213008,640916,572092,345057,1435072,128617,47579,184,450,963,110,381940,5585
Tamil Nadu,Thiruvarur,10.36892741,79.60322894,619,TAMIL NADU,1264277,626693,637584,946471,503085,443386,295188,1132785,96092,33192,258,151,279,64,303114,4416
Tamil Nadu,Thanjavur,10.38769226,79.31948691,620,TAMIL NADU,2405890,1182416,1223474,1790998,944264,846734,415361,2075870,190814,133971,231,795,1256,148,555582,13495
Tamil Nadu,Pudukkottai,10.13051482,79.05444484,621,TAMIL NADU,1618345,803188,815157,1110545,608776,501769,305149,1428784,114194,72850,119,81,32,293,354493,4494
Tamil Nadu,Sivaganga,9.960306581,78.56535729,622,TAMIL NADU,1339101,668672,670429,959744,526304,433440,199563,1186078,74310,75481,150,80,109,24,314270,5773
Tamil Nadu,Madurai,9.904313833,78.01366033,623,TAMIL NADU,3038252,1526475,1511777,2273430,1223810,1049620,372828,2760502,168881,97711,520,199,1532,305,754141,34097
Tamil Nadu,Theni,9.924066667,77.43458833,624,TAMIL NADU,1245899,625683,620216,870080,479403,390677,315161,1148990,56751,37574,152,79,28,74,312310,4667
Tamil Nadu,Virudhunagar,9.468872196,77.87641469,625,TAMIL NADU,1942288,967709,974579,1398788,760375,638413,208702,1822626,47838,67405,245,87,98,75,505950,10219
Tamil Nadu,Ramanathapuram,9.312869952,78.99185362,626,TAMIL NADU,1353445,682658,670787,978946,536487,442459,153874,1047411,208038,91139,154,86,29,36,291400,5172
Tamil Nadu,Kanniyakumari,8.1834663,77.32053064,629,TAMIL NADU,1870374,926345,944029,1548738,780541,768197,72867,909872,78590,876299,160,438,156,10,465692,15673
Tamil Nadu,Dharmapuri,12.3001412,78.11509813,630,TAMIL NADU,1506843,774303,732540,917709,527599,390110,267345,1452956,38304,14089,164,39,37,87,337972,3651
Tamil Nadu,Coimbatore,10.871377,77.07619012,632,TAMIL NADU,3458045,1729297,1728748,2635907,1394790,1241117,230026,3044145,211035,190314,1112,435,3284,237,896325,63273
Puducherry,Yanam,16.70769565,82.26187304,634,PONDICHERRY,55626,27301,28325,39274,19919,19355,3324,53537,1191,873,3,1,4,4,12859,207
Puducherry,Mahe,12.00642079,75.28275022,636,PONDICHERRY,41816,19143,22673,36470,16610,19860,82,27940,12856,958,3,21,14,3,7150,574
Puducherry,Karaikal,10.87616173,79.82369794,637,PONDICHERRY,200222,97809,102413,154916,79903,75013,13077,152638,28835,18391,46,63,54,14,47880,1868
